{
  "summary": [
    {
      "condition": "Neutral",
      "axis": "disorganized",
      "num_topics": 5,
      "count": 50,
      "overall_mean": -2.583771505355835,
      "overall_std": 0.40520614795900695,
      "overall_variance": 0.1641920223437766,
      "between_topic_std": 0.34405445928241446,
      "between_topic_variance": 0.1183734709521146,
      "mean_within_topic_std": 0.15582817939545543,
      "mean_within_topic_variance": 0.07356600570578822,
      "pooled_within_topic_std": 0.2599242533602964,
      "pooled_within_topic_variance": 0.06756061748490756,
      "minibatch_size": 3,
      "bootstrap_samples": 1000,
      "bootstrap_between_topic_std": 0.3661579989120534,
      "bootstrap_between_topic_variance": 0.13407168016727933,
      "bootstrap_within_topic_minibatch_std": 0.13228898737571249,
      "bootstrap_within_topic_minibatch_variance": 0.017500376180891418,
      "bootstrap_overall_minibatch_mean_std": 0.06053533739824154,
      "bootstrap_overall_minibatch_mean_variance": 0.0036645270739189407
    },
    {
      "condition": "Neutral",
      "axis": "chaotic",
      "num_topics": 5,
      "count": 50,
      "overall_mean": -0.44374786436557767,
      "overall_std": 0.646018525146734,
      "overall_variance": 0.41733993483276133,
      "between_topic_std": 0.708989667833595,
      "between_topic_variance": 0.5026663490947912,
      "mean_within_topic_std": 0.06942916318574512,
      "mean_within_topic_variance": 0.0076222854003034825,
      "pooled_within_topic_std": 0.08366634939261347,
      "pooled_within_topic_variance": 0.007000058020686872,
      "minibatch_size": 3,
      "bootstrap_samples": 1000,
      "bootstrap_between_topic_std": 0.7119601676335923,
      "bootstrap_between_topic_variance": 0.5068872802968528,
      "bootstrap_within_topic_minibatch_std": 0.042470505606258833,
      "bootstrap_within_topic_minibatch_variance": 0.0018037438464512633,
      "bootstrap_overall_minibatch_mean_std": 0.018605189560721287,
      "bootstrap_overall_minibatch_mean_variance": 0.0003461530785903723
    },
    {
      "condition": "Confused",
      "axis": "disorganized",
      "num_topics": 5,
      "count": 50,
      "overall_mean": -1.9096785646677017,
      "overall_std": 0.8342542786225968,
      "overall_variance": 0.6959802014001094,
      "between_topic_std": 0.4349797300310247,
      "between_topic_variance": 0.18920736553786313,
      "mean_within_topic_std": 0.6597000700418625,
      "mean_within_topic_variance": 0.5896607832686853,
      "pooled_within_topic_std": 0.7358839644429703,
      "pooled_within_topic_variance": 0.5415252091243028,
      "minibatch_size": 3,
      "bootstrap_samples": 1000,
      "bootstrap_between_topic_std": 0.5738795082183944,
      "bootstrap_between_topic_variance": 0.3293376899529862,
      "bootstrap_within_topic_minibatch_std": 0.3729886385946266,
      "bootstrap_within_topic_minibatch_variance": 0.13912052452067297,
      "bootstrap_overall_minibatch_mean_std": 0.16378162610034905,
      "bootstrap_overall_minibatch_mean_variance": 0.02682442104807454
    },
    {
      "condition": "Confused",
      "axis": "chaotic",
      "num_topics": 5,
      "count": 50,
      "overall_mean": -0.23621138095855712,
      "overall_std": 0.6790818115100687,
      "overall_variance": 0.4611521067237966,
      "between_topic_std": 0.7122639765539571,
      "between_topic_variance": 0.507319972296456,
      "mean_within_topic_std": 0.2098300934788316,
      "mean_within_topic_variance": 0.05119231861350656,
      "pooled_within_topic_std": 0.2168256300088403,
      "pooled_within_topic_variance": 0.04701335382873051,
      "minibatch_size": 3,
      "bootstrap_samples": 1000,
      "bootstrap_between_topic_std": 0.7177094872941908,
      "bootstrap_between_topic_variance": 0.5151069081520903,
      "bootstrap_within_topic_minibatch_std": 0.10926133681970794,
      "bootstrap_within_topic_minibatch_variance": 0.011938039723629668,
      "bootstrap_overall_minibatch_mean_std": 0.050069675846613745,
      "bootstrap_overall_minibatch_mean_variance": 0.002506972439384976
    }
  ],
  "per_topic": [
    {
      "condition": "Neutral",
      "axis": "disorganized",
      "topic": "0",
      "count": 10,
      "mean": -2.747711706161499,
      "std": 0.06580616016935525,
      "variance": 0.0043304507162348375,
      "min": -2.828540802001953,
      "max": -2.627258062362671
    },
    {
      "condition": "Neutral",
      "axis": "disorganized",
      "topic": "1",
      "count": 10,
      "mean": -2.8066568613052367,
      "std": 0.5971301227088126,
      "variance": 0.3565643834462416,
      "min": -3.4129481315612793,
      "max": -1.6383073329925537
    },
    {
      "condition": "Neutral",
      "axis": "disorganized",
      "topic": "2",
      "count": 10,
      "mean": -2.634896731376648,
      "std": 0.04852529818709474,
      "variance": 0.0023547045641464596,
      "min": -2.712934732437134,
      "max": -2.5455946922302246
    },
    {
      "condition": "Neutral",
      "axis": "disorganized",
      "topic": "3",
      "count": 10,
      "mean": -1.9785155296325683,
      "std": 0.0676793159120146,
      "variance": 0.0045804898023182735,
      "min": -2.0729053020477295,
      "max": -1.8870069980621338
    },
    {
      "condition": "Neutral",
      "axis": "disorganized",
      "topic": "4",
      "count": 10,
      "mean": -2.7510766983032227,
      "std": 0.0,
      "variance": 0.0,
      "min": -2.7510766983032227,
      "max": -2.7510766983032227
    },
    {
      "condition": "Neutral",
      "axis": "chaotic",
      "topic": "0",
      "count": 10,
      "mean": 0.09460239112377167,
      "std": 0.09595798774731101,
      "variance": 0.009207935412513092,
      "min": -0.05842483043670654,
      "max": 0.24476748704910278
    },
    {
      "condition": "Neutral",
      "axis": "chaotic",
      "topic": "1",
      "count": 10,
      "mean": -1.4122263550758363,
      "std": 0.15334942508768923,
      "variance": 0.023516046174724813,
      "min": -1.666954755783081,
      "max": -1.098942756652832
    },
    {
      "condition": "Neutral",
      "axis": "chaotic",
      "topic": "2",
      "count": 10,
      "mean": 0.05038619637489319,
      "std": 0.06625801428468252,
      "variance": 0.004390124456949193,
      "min": -0.04122507572174072,
      "max": 0.1305924355983734
    },
    {
      "condition": "Neutral",
      "axis": "chaotic",
      "topic": "3",
      "count": 10,
      "mean": 0.042263203859329225,
      "std": 0.03158038880904281,
      "variance": 0.0009973209573303165,
      "min": 0.020001322031021118,
      "max": 0.08699187636375427
    },
    {
      "condition": "Neutral",
      "axis": "chaotic",
      "topic": "4",
      "count": 10,
      "mean": -0.9937647581100464,
      "std": 0.0,
      "variance": 0.0,
      "min": -0.9937647581100464,
      "max": -0.9937647581100464
    },
    {
      "condition": "Confused",
      "axis": "disorganized",
      "topic": "0",
      "count": 10,
      "mean": -1.3447609215974807,
      "std": 1.0846433726574267,
      "variance": 1.1764512458496776,
      "min": -2.460984706878662,
      "max": 0.5328207015991211
    },
    {
      "condition": "Confused",
      "axis": "disorganized",
      "topic": "1",
      "count": 10,
      "mean": -2.173468178510666,
      "std": 0.7424177708125026,
      "variance": 0.5511841464182056,
      "min": -2.991032838821411,
      "max": -0.8231823444366455
    },
    {
      "condition": "Confused",
      "axis": "disorganized",
      "topic": "2",
      "count": 10,
      "mean": -2.346127676963806,
      "std": 0.1498675419860913,
      "variance": 0.022460280140952842,
      "min": -2.488480567932129,
      "max": -1.978102684020996
    },
    {
      "condition": "Confused",
      "axis": "disorganized",
      "topic": "3",
      "count": 10,
      "mean": -1.5517863631248474,
      "std": 0.2577148638145346,
      "variance": 0.06641695103094412,