axis,direction,rank,trait,count,mean_delta,min_delta,max_delta
absolutist,positive,1,confident,74,-0.21483029223777153,-1.7660598158836365,1.0285580158233643
absolutist,positive,2,playful,74,-0.23254695856893384,-1.0504226684570312,0.8938355445861816
absolutist,positive,3,spontaneous,76,-0.26814241040694087,-1.3550587892532349,0.9415458291769028
absolutist,positive,4,entertaining,74,-0.2800495399011148,-1.4524276852607727,0.58608078956604
absolutist,negative,1,curious,74,-0.6316134414157352,-1.9621655344963074,0.5676683187484741
absolutist,negative,2,speculative,72,-0.6225134208798409,-2.096325546503067,0.21956992149353027
absolutist,negative,3,patient,78,-0.6126721295026633,-1.8596296310424805,0.6360137462615967
absolutist,negative,4,verbose,72,-0.6035847316185633,-1.8796412944793701,0.5146681070327759
abstract,positive,1,verbose,72,0.8801046713358827,-1.2661917209625244,2.6507319509983063
abstract,positive,2,narrative,76,0.8764191644364282,-0.9213147461414337,3.4662586748600006
abstract,positive,3,inspirational,74,0.8761882800105456,-0.4575972259044647,3.0185614824295044
abstract,positive,4,speculative,72,0.826642334047291,-0.4825265407562256,2.1694328784942627
abstract,negative,1,collaborative,74,0.03055103405101879,-2.110927104949951,1.9584977328777313
abstract,negative,2,practical,72,0.039506437049971685,-1.7917001247406006,2.246599406003952
abstract,negative,3,spontaneous,76,0.04629988360561823,-1.9499180316925049,1.8667666912078857
abstract,negative,4,proactive,74,0.04901781275465682,-1.8441258668899536,2.662387490272522
accessible,positive,1,humble,74,0.3147413968234449,-0.7110114991664886,2.1857930198311806
accessible,positive,2,casual,80,0.26658764109015465,-0.6823278665542603,1.3163777887821198
accessible,positive,3,accessible,74,0.13749085326452512,-0.8084641695022583,2.0464567244052887
accessible,positive,4,entertaining,74,0.12675041685233246,-0.6350529193878174,1.227368801832199
accessible,negative,1,verbose,72,-0.5194485630426142,-1.207281082868576,0.10805600881576538
accessible,negative,2,formal,74,-0.44610981300875946,-1.128879874944687,0.10964614152908325
accessible,negative,3,data_driven,72,-0.4230828339027034,-1.3689710199832916,0.41261351108551025
accessible,negative,4,educational,76,-0.4148252414245355,-1.5860310792922974,0.32378149032592773
accommodating,positive,1,humble,74,0.6021686796400998,-0.5945242643356323,2.2260276079177856
accommodating,positive,2,collaborative,74,0.502205169281444,-0.48631560802459717,2.7534848526120186
accommodating,positive,3,curious,74,0.4984708245138864,-0.7791442275047302,2.0274298787117004
accommodating,positive,4,patient,78,0.4916521566800582,-0.389178067445755,2.0385916233062744
accommodating,negative,1,formal,74,0.04602851779074282,-0.8813451528549194,1.4086668491363525
accommodating,negative,2,data_driven,72,0.08649716236525112,-0.8798317909240723,1.1264540553092957
accommodating,negative,3,confident,74,0.10754678076183474,-2.019407570362091,1.6505883634090424
accommodating,negative,4,traditional,70,0.11922008224896022,-0.8037806302309036,2.069734811782837
acerbic,positive,1,entertaining,74,0.25097672037176183,-1.9886674880981445,2.5309094190597534
acerbic,positive,2,narrative,76,0.13975325069929423,-2.045173406600952,2.419763207435608
acerbic,positive,3,playful,74,0.09424675155330349,-2.0234060287475586,2.0695719718933105
acerbic,positive,4,confident,74,0.008962499128805625,-1.3255116939544678,1.4998865127563477
acerbic,negative,1,patient,78,-0.6718197014087286,-3.363466262817383,0.3919517993927002
acerbic,negative,2,collaborative,74,-0.5345401957228377,-2.5404539108276367,0.35698390007019043
acerbic,negative,3,calm,76,-0.5019404323477494,-2.409609317779541,1.356616497039795
acerbic,negative,4,optimistic,74,-0.47353943296380946,-2.741571307182312,1.1671147346496582
adventurous,positive,1,inspirational,74,0.9518741514231708,-0.34351646900177,2.945636034011841
adventurous,positive,2,narrative,76,0.8819386066966936,-0.48769164085388184,3.090881586074829
adventurous,positive,3,big_picture,74,0.6760257989973635,-0.29987412691116333,2.3885409832000732
adventurous,positive,4,entertaining,74,0.5893846871079625,-0.38508230447769165,3.190647006034851
adventurous,negative,1,factual,72,0.05987105042570167,-1.3186974227428436,1.1108056902885437
adventurous,negative,2,stoic,72,0.06872182339429855,-1.1374502778053284,1.181872010231018
adventurous,negative,3,concise,62,0.0888502674718057,-0.8398730754852295,1.1887652277946472
adventurous,negative,4,problem_solving,74,0.1148388683795929,-1.2198737263679504,2.056909054517746
agreeable,positive,1,patient,78,0.6667926223614277,-0.36101245880126953,2.795771539211273
agreeable,positive,2,optimistic,74,0.6407509945534371,-0.20898008346557617,2.171491503715515
agreeable,positive,3,collaborative,74,0.6152437981721517,-0.6577224731445312,1.9455792307853699
agreeable,positive,4,verbose,72,0.5400788999266095,-0.5536460876464844,2.1531588435173035
agreeable,negative,1,entertaining,74,-0.060130459231299324,-1.4768050909042358,1.8880393505096436
agreeable,negative,2,playful,74,0.08968548355875788,-1.60295569896698,1.375422477722168
agreeable,negative,3,spontaneous,76,0.1133932612444225,-2.448662906885147,1.3642935752868652
agreeable,negative,4,confident,74,0.12739723759728508,-1.219040870666504,1.4024403095245361
altruistic,positive,1,verbose,72,1.2672639265656471,-0.43568992614746094,7.400596380233765
altruistic,positive,2,methodical,74,1.2557156303444423,-0.6111021041870117,5.825377583503723
altruistic,positive,3,narrative,76,1.237605414500362,-0.7583904266357422,5.9866703748703
altruistic,positive,4,patient,78,1.213985114525526,-0.5439567565917969,6.0460299253463745
altruistic,negative,1,spontaneous,76,0.21013622887824712,-2.876995950937271,3.5425408333539963
altruistic,negative,2,concise,62,0.3142566777044727,-3.1124079525470734,4.682653874158859
altruistic,negative,3,playful,74,0.31947131636174947,-1.3695454597473145,3.6789864972233772
altruistic,negative,4,anxious,78,0.35528446924992096,-4.6365408301353455,2.727579355239868
animated,positive,1,narrative,76,1.0161690837458561,-0.1684982180595398,2.882306218147278
animated,positive,2,inspirational,74,0.9766937917148745,0.11630517244338989,2.6051770448684692
animated,positive,3,entertaining,74,0.666148029469155,-0.1981256604194641,3.1985055208206177
animated,positive,4,big_picture,74,0.6574709048947772,-0.3652987778186798,2.273550033569336
animated,negative,1,factual,72,0.09080442372295591,-0.8256186842918396,1.1539208889007568
animated,negative,2,data_driven,72,0.11509072739217016,-0.8579806685447693,1.3791977167129517
animated,negative,3,stoic,72,0.11603874961535136,-0.7972494065761566,1.381897121667862
animated,negative,4,concise,62,0.15316061531343766,-1.133225291967392,1.1299565136432648
anxious,positive,1,entertaining,74,0.18797762007326693,-1.2396968603134155,1.3476924896240234
anxious,positive,2,spontaneous,76,0.12007237264984533,-1.4497010707855225,2.5485634207725525
anxious,positive,3,playful,74,0.015274048657030673,-1.553051233291626,1.5177175998687744
anxious,positive,4,anxious,78,0.00899571486008473,-1.1820430755615234,2.3286470770835876
anxious,negative,1,methodical,74,-0.5465534409961185,-2.068838119506836,0.5610713958740234
anxious,negative,2,inspirational,74,-0.5427563415991293,-1.9196274280548096,0.6626949310302734
anxious,negative,3,optimistic,74,-0.5311465714428876,-1.3505845665931702,0.28641605377197266
anxious,negative,4,verbose,72,-0.5245683739582697,-2.9065471291542053,0.23529672622680664
arrogant,positive,1,narrative,76,0.5349745115167216,-0.8651639223098755,2.1814028322696686
arrogant,positive,2,entertaining,74,0.4695941942769128,-1.2037242650985718,2.225732684135437
arrogant,positive,3,pessimistic,72,0.3893936230904526,-1.4937516897916794,1.6840109825134277
arrogant,positive,4,playful,74,0.3593775126579645,-1.5847837924957275,1.8561249673366547
arrogant,negative,1,patient,78,-0.2179670016735028,-2.490746319293976,0.6940294504165649
arrogant,negative,2,factual,72,-0.20058858229054344,-1.5956212878227234,0.6594465970993042
arrogant,negative,3,data_driven,72,-0.18241728593905768,-1.3870823383331299,0.982158899307251
arrogant,negative,4,collaborative,74,-0.17076118652885025,-1.100943773984909,0.6928526163101196
artistic,positive,1,inspirational,74,1.3509027998189669,0.17694434523582458,3.50593900680542
artistic,positive,2,narrative,76,1.3198236854452836,-0.4916526973247528,3.537522792816162
artistic,positive,3,big_picture,74,0.9288735204451793,-0.3120730221271515,3.1127833127975464
artistic,positive,4,pessimistic,72,0.8683974902249045,-0.6316816508769989,2.6575202345848083
artistic,negative,1,data_driven,72,0.011828579008579254,-1.2950101494789124,2.2381264567375183
artistic,negative,2,factual,72,0.045997495452562966,-1.3979309797286987,1.2689085006713867
artistic,negative,3,problem_solving,74,0.062367355501329574,-1.8573875725269318,1.8888183236122131
artistic,negative,4,practical,72,0.11048109001583523,-1.2179827690124512,1.647012174129486
ascetic,positive,1,inspirational,74,0.348029207337547,-0.2576603293418884,1.504620835185051
ascetic,positive,2,narrative,76,0.31453470062268407,-0.4093121290206909,1.641292005777359
ascetic,positive,3,speculative,72,0.29231942496779895,-0.4946504235267639,1.5945398807525635
ascetic,positive,4,pessimistic,72,0.2856772844162252,-0.3383180797100067,0.8433745503425598
ascetic,negative,1,entertaining,74,-0.19196331138546402,-1.0656071603298187,1.1964599341154099
ascetic,negative,2,playful,74,-0.1846366146126309,-0.9234053492546082,0.563279464840889
ascetic,negative,3,casual,80,-0.15948522314429284,-0.9129671454429626,0.8619315922260284
ascetic,negative,4,agreeable,74,-0.10916913290684288,-0.8554347455501556,1.1135690957307816
assertive,positive,1,narrative,76,0.6124192195895471,-0.5358023792505264,2.152048669755459
assertive,positive,2,inspirational,74,0.5237649964621743,-0.19174790382385254,1.8247548341751099
assertive,positive,3,big_picture,74,0.3621448684181716,-0.439303457736969,1.5879659056663513
assertive,positive,4,verbose,72,0.3523861105657286,-0.32676152884960175,1.9086629152297974
assertive,negative,1,concise,62,-0.006804446779912518,-0.9540320634841919,0.7814260125160217
assertive,negative,2,cautious,76,0.0010799689120367954,-1.0367861986160278,1.4617154002189636
assertive,negative,3,stoic,72,0.004328140419804388,-1.189703643321991,1.3949767351150513
assertive,negative,4,traditional,70,0.0432104983500072,-0.8470326662063599,1.6796222925186157
avoidant,positive,1,spontaneous,76,-0.31477109264386327,-3.9413276463747025,3.146125555038452
avoidant,positive,2,playful,74,-0.3675040534219226,-3.8183452039957047,1.4590048789978027
avoidant,positive,3,concise,62,-0.3746697056678034,-5.444174587726593,3.3955851197242737
avoidant,positive,4,adaptable,74,-0.4256013664039406,-4.012467622756958,0.9602060317993164
avoidant,negative,1,methodical,74,-1.4883149137368072,-7.556089162826538,0.4188528060913086
avoidant,negative,2,narrative,76,-1.4406769448205043,-6.631463170051575,0.7270307540893555
avoidant,negative,3,verbose,72,-1.3906959357361,-7.88841438293457,0.4864501953125
avoidant,negative,4,patient,78,-1.3688660909732182,-6.775479674339294,0.45389842987060547
benevolent,positive,1,patient,78,1.1391874528848207,-0.3825514316558838,5.020279258489609
benevolent,positive,2,optimistic,74,1.0419851654284709,-0.2956054210662842,4.310127675533295
benevolent,positive,3,methodical,74,1.0393398895456984,-0.8605971336364746,4.3860591650009155
benevolent,positive,4,verbose,72,1.0297286758820217,-0.5186471939086914,5.725420951843262
benevolent,negative,1,spontaneous,76,0.2444224930123279,-2.287706047296524,2.8961169123649597
benevolent,negative,2,entertaining,74,0.24829106395309036,-1.0537278652191162,3.440911293029785
benevolent,negative,3,playful,74,0.2969470990670694,-1.7494597434997559,2.955044448375702
benevolent,negative,4,strategic,72,0.31370946930514443,-5.170900642871857,3.348548650741577
bitter,positive,1,entertaining,74,0.3238163687087394,-2.224689245223999,1.8391069173812866
bitter,positive,2,playful,74,0.10407163001395561,-1.897397756576538,2.297370672225952
bitter,positive,3,spontaneous,76,0.10025335613049959,-1.835540533065796,3.330481708049774
bitter,positive,4,casual,80,-0.028449606150388718,-1.7321035861968994,1.3612711429595947
bitter,negative,1,patient,78,-0.7217050622671078,-3.2460399866104126,0.5613300800323486
bitter,negative,2,methodical,74,-0.6286537325060045,-3.0411144495010376,0.9048280715942383
bitter,negative,3,verbose,72,-0.6220598651303185,-3.114325523376465,0.49463796615600586
bitter,negative,4,educational,76,-0.5833277451364618,-2.8073644638061523,0.8527209758758545
bombastic,positive,1,narrative,76,1.2345336314878965,-0.40945398807525635,3.920581817626953
bombastic,positive,2,inspirational,74,1.0091891699546092,-0.8425827622413635,3.3828355073928833
bombastic,positive,3,verbose,72,0.7486756104562018,-0.2733583450317383,3.321874737739563
bombastic,positive,4,big_picture,74,0.7266152203083038,-0.8069945275783539,3.5306371450424194
bombastic,negative,1,practical,72,0.004960017071829902,-2.0292850732803345,1.1744595170021057
bombastic,negative,2,collaborative,74,0.015552664930756027,-1.0371776521205902,1.1344354152679443
bombastic,negative,3,patient,78,0.026015763863539085,-3.032576471567154,1.4654362797737122
bombastic,negative,4,factual,72,0.04096644951237573,-1.9771499037742615,0.8427666425704956
callous,positive,1,data_driven,72,-0.02411502268579271,-1.368872046470642,0.731468915939331
callous,positive,2,confident,74,-0.03477645886910928,-1.4737989902496338,1.5338243246078491
callous,positive,3,strategic,72,-0.04890680478678809,-0.9909615516662598,1.2647215723991394
callous,positive,4,entertaining,74,-0.08539323065731977,-1.4760794043540955,0.7431086301803589
callous,negative,1,empathetic,76,-0.5668431422428081,-2.5057737082242966,0.44301819801330566
callous,negative,2,inspirational,74,-0.5500935090554727,-1.89260333776474,0.29974961280822754
callous,negative,3,humble,74,-0.5341879588526648,-2.6660310477018356,0.3343782424926758
callous,negative,4,optimistic,74,-0.5161315698075939,-2.7011875957250595,0.2085404396057129
calm,positive,1,methodical,74,0.5882916386063034,-0.899306058883667,2.3598653078079224
calm,positive,2,analytical,72,0.566707173983256,-2.8374988436698914,2.1170747876167297
calm,positive,3,patient,78,0.5617261039905059,-1.1419520378112793,2.8661393523216248
calm,positive,4,educational,76,0.5170803728856539,-0.6345260143280029,2.2088699340820312
calm,negative,1,entertaining,74,-0.3958010238570136,-2.0815893411636353,1.5240130424499512
calm,negative,2,playful,74,-0.1995699349287394,-2.3750162720680237,1.6320428252220154
calm,negative,3,spontaneous,76,-0.16045130318716952,-3.07206067442894,1.5879113674163818
calm,negative,4,anxious,78,-0.08980471277848268,-2.039670377969742,1.4881141185760498
casual,positive,1,entertaining,74,0.5345796902437467,-0.9927038550376892,2.923140287399292
casual,positive,2,spontaneous,76,0.40159499253097336,-1.224452644586563,2.8743385076522827
casual,positive,3,playful,74,0.36330690496676676,-1.0559732019901276,2.5688897371292114
casual,positive,4,casual,80,0.3097199767827988,-1.0878593921661377,1.9621220827102661
casual,negative,1,educational,76,-0.7350729311767378,-2.1054587960243225,0.2516348361968994
casual,negative,2,methodical,74,-0.7036005020947069,-2.2707998752593994,0.7247397899627686
casual,negative,3,analytical,72,-0.6853179559111595,-2.312147378921509,2.7855801582336426
casual,negative,4,verbose,72,-0.6704064442051781,-2.842433124780655,0.1394345760345459
challenging,positive,1,speculative,72,0.5857558033118645,-0.26889827847480774,1.5071191489696503
challenging,positive,2,narrative,76,0.5042079049897822,-0.8332229554653168,1.6628206968307495
challenging,positive,3,analytical,72,0.4792384047889047,-1.3148846626281738,1.2919129729270935
challenging,positive,4,pessimistic,72,0.4752721983111567,-0.42433878779411316,1.9365875124931335
challenging,negative,1,optimistic,74,-0.01393481988359142,-1.2069504857063293,0.9380424618721008
challenging,negative,2,concise,62,0.12086425120792081,-1.2506590485572815,1.3387556076049805
challenging,negative,3,casual,80,0.13474181164056062,-0.8604229092597961,1.153552457690239
challenging,negative,4,agreeable,74,0.13622562748354836,-1.3512909412384033,1.1356828212738037
chaotic,positive,1,narrative,76,0.6237482497174489,-0.9159371554851532,1.6368230879306793
chaotic,positive,2,speculative,72,0.5721718126700984,-0.7909017950296402,1.764115959405899
chaotic,positive,3,entertaining,74,0.5127118811816782,-0.43717770278453827,2.900988459587097
chaotic,positive,4,inspirational,74,0.4874285701158884,-1.047096312046051,1.69051992893219
chaotic,negative,1,problem_solving,74,0.0737958671273412,-0.7328467667102814,1.0921648144721985
chaotic,negative,2,stoic,72,0.09907661461167866,-0.9571295380592346,1.0754744410514832
chaotic,negative,3,practical,72,0.13577042147517204,-1.3560966849327087,1.4205511808395386
chaotic,negative,4,optimistic,74,0.15003944530680374,-0.8902951627969742,1.8133907914161682
charismatic,positive,1,inspirational,74,1.0867242319761097,-0.09596163034439087,2.772400140762329
charismatic,positive,2,narrative,76,1.0265710883234676,-0.10373654961585999,2.9534112215042114
charismatic,positive,3,big_picture,74,0.7034317540961343,-0.45524170994758606,2.3960514068603516
charismatic,positive,4,speculative,72,0.6463172704809241,-0.24107208847999573,2.2072673439979553
charismatic,negative,1,data_driven,72,0.1625662087980244,-0.6875864416360855,1.2245365977287292
charismatic,negative,2,stoic,72,0.16510825355847678,-0.8214592933654785,1.2009371519088745
charismatic,negative,3,concise,62,0.17541072253257997,-1.0204080939292908,0.9079046547412872
charismatic,negative,4,factual,72,0.21263901496099102,-0.9388822913169861,1.6973693370819092
chill,positive,1,humble,74,0.5049424251994571,-0.6002519130706787,2.3651130497455597
chill,positive,2,optimistic,74,0.4653267908740688,-0.4889943599700928,2.2477543354034424
chill,positive,3,patient,78,0.44374634592961043,-0.24826419353485107,2.2696891129016876
chill,positive,4,collaborative,74,0.4134778259573756,-0.5086137056350708,1.5918464660644531
chill,negative,1,confident,74,-0.07547685423412838,-1.296303629875183,0.8781461715698242
chill,negative,2,narrative,76,-0.07323012304933448,-1.460702896118164,1.0988484621047974
chill,negative,3,strategic,72,-0.018631498018900555,-0.9818263053894043,0.6907668113708496
chill,negative,4,data_driven,72,-0.010639576448334588,-0.6114749908447266,1.055853009223938
circumspect,positive,1,verbose,72,0.8196772964050373,-0.5565354824066162,2.3957473635673523
circumspect,positive,2,curious,74,0.680929851290342,-0.6907168626785278,2.36995130777359
circumspect,positive,3,patient,78,0.6801571058921325,-0.4990200996398926,2.345661014318466
circumspect,positive,4,inspirational,74,0.6772431513747653,-0.21454966068267822,2.037830948829651
circumspect,negative,1,confident,74,0.14150785554099726,-1.2665086090564728,1.9468383193016052
circumspect,negative,2,playful,74,0.23455647338886518,-1.0321418046951294,1.5480253100395203
circumspect,negative,3,entertaining,74,0.24048658963796254,-0.777970552444458,2.0548326671123505
circumspect,negative,4,spontaneous,76,0.25704663482151535,-1.016516625881195,1.8189265429973602
closure_seeking,positive,1,confident,74,-0.19801951340726903,-3.506078541278839,2.3362075984477997
closure_seeking,positive,2,data_driven,72,-0.2394592993789249,-2.448920726776123,1.1000518798828125
closure_seeking,positive,3,strategic,72,-0.31035782148440677,-2.075149655342102,3.593381315469742
closure_seeking,positive,4,problem_solving,74,-0.33647649030427673,-2.236444115638733,1.0941548347473145
closure_seeking,negative,1,curious,74,-0.9538231137636546,-3.8007839918136597,0.5683653354644775
closure_seeking,negative,2,humble,74,-0.8965555497923413,-3.677729845046997,0.5408589839935303
closure_seeking,negative,3,narrative,76,-0.8717630215381321,-3.6576959788799286,0.9668483734130859
closure_seeking,negative,4,patient,78,-0.8584956887822884,-4.037050813436508,1.1942002773284912
collaborative,positive,1,inclusive,74,0.3094824343114286,-0.4554058611392975,0.9131016209721565
collaborative,positive,2,optimistic,74,0.30274538242736376,-0.3084839731454849,0.8620629385113716
collaborative,positive,3,collaborative,74,0.2890247361281434,-0.49326877295970917,1.0920423716306686
collaborative,positive,4,verbose,72,0.2669376871652073,-0.31255537271499634,0.8538420498371124
collaborative,negative,1,pessimistic,72,-0.06662174055559768,-0.7240821719169617,0.5892283469438553
collaborative,negative,2,spontaneous,76,-0.040527812156238054,-0.9711482226848602,0.5915869623422623
collaborative,negative,3,intuitive,72,-0.033914658034013376,-0.9866764843463898,0.7769578397274017
collaborative,negative,4,anxious,78,-0.018738960703978173,-0.7636130750179291,0.8122011199593544
collectivistic,positive,1,data_driven,72,0.16847282275557518,-0.8003465831279755,0.8676654994487762
collectivistic,positive,2,inclusive,74,0.16709526950443113,-0.391975000500679,0.712714895606041
collectivistic,positive,3,optimistic,74,0.14318696792061264,-0.4340490698814392,0.6788909584283829
collectivistic,positive,4,analytical,72,0.12498335385074218,-0.3140387535095215,0.8314755856990814
collectivistic,negative,1,pessimistic,72,-0.21746958730121455,-1.1708380430936813,0.49306172132492065
collectivistic,negative,2,intuitive,72,-0.16787250717687938,-1.1560496240854263,0.43166249990463257
collectivistic,negative,3,spontaneous,76,-0.11219846457242966,-0.7277317941188812,0.42314693331718445
collectivistic,negative,4,anxious,78,-0.11184187672841243,-0.8257993459701538,1.2558754086494446
competitive,positive,1,narrative,76,0.5490794789634252,-0.6496301889419556,2.0983434319496155
competitive,positive,2,entertaining,74,0.36636587010847554,-0.9770922660827637,2.4940832257270813
competitive,positive,3,confident,74,0.28321846473861384,-0.45440220832824707,1.4625344276428223
competitive,positive,4,big_picture,74,0.27727881919693304,-0.8229683041572571,1.8193978667259216
competitive,negative,1,humble,74,-0.21958968284967784,-1.8282364457845688,0.7380799055099487
competitive,negative,2,patient,78,-0.1873832981173809,-2.2634267807006836,0.6742843762040138
competitive,negative,3,collaborative,74,-0.11327632597169361,-1.0258888006210327,0.46833550930023193
competitive,negative,4,empathetic,76,-0.0928078799655563,-1.1052407622337341,1.1093485206365585
conceptual,positive,1,narrative,76,0.7614981359557101,-0.9396771341562271,3.43184295296669
conceptual,positive,2,inspirational,74,0.7031547499669565,-0.8252019882202148,3.103252649307251
conceptual,positive,3,speculative,72,0.7010613056934543,-0.4882028102874756,2.3702163696289062
conceptual,positive,4,verbose,72,0.6964112106296751,-1.6716994047164917,2.0951234996318817
conceptual,negative,1,collaborative,74,-0.08616206935934119,-2.3277474641799927,1.3442896008491516
conceptual,negative,2,practical,72,-0.05123725492093298,-2.228450059890747,2.233087494969368
conceptual,negative,3,problem_solving,74,-0.034413106135419896,-2.1338047981262207,1.4070177376270294
conceptual,negative,4,proactive,74,-0.027876874885043583,-2.111757457256317,2.54648357629776
conciliatory,positive,1,patient,78,0.7027526528407366,-0.38688230514526367,3.024333357810974
conciliatory,positive,2,optimistic,74,0.6745482957040941,-0.14773821830749512,1.8816113471984863
conciliatory,positive,3,methodical,74,0.6231273799329191,-1.3216054439544678,2.581371307373047
conciliatory,positive,4,collaborative,74,0.6002919303404318,-0.7956655025482178,2.6798786520957947
conciliatory,negative,1,entertaining,74,-0.17340803951830477,-2.0863184928894043,2.0953946113586426
conciliatory,negative,2,spontaneous,76,-0.041407997670926545,-2.7208468914031982,1.7647729516029358
conciliatory,negative,3,playful,74,-0.025487534097723058,-1.576213300228119,1.7778393626213074
conciliatory,negative,4,pessimistic,72,0.049791044659084745,-1.6676205396652222,2.6357275247573853
concise,positive,1,concise,62,-0.11532026156783104,-2.012611761689186,1.617644727230072
concise,positive,2,confident,74,-0.1412030172509116,-2.353620544075966,1.8915342688560486
concise,positive,3,playful,74,-0.1615573860503532,-1.3173285722732544,0.9766453504562378
concise,positive,4,spontaneous,76,-0.17438482806870811,-2.1544302105903625,1.4618974775075912
concise,negative,1,verbose,72,-0.7276385782493485,-2.8823488354682922,0.37519335746765137
concise,negative,2,methodical,74,-0.7080673287446434,-2.6369209587574005,0.36211490631103516
concise,negative,3,narrative,76,-0.6648408966629129,-3.0610921531915665,0.3638932704925537
concise,negative,4,curious,74,-0.6369269645294627,-2.6722439527511597,0.4719071388244629
condescending,positive,1,entertaining,74,0.6088912567576846,-0.34018674492836,2.010607957839966
condescending,positive,2,playful,74,0.5555057002080453,-0.6375736594200134,1.5631871223449707
condescending,positive,3,pessimistic,72,0.509601845095555,-1.0320196747779846,1.8762303292751312
condescending,positive,4,spontaneous,76,0.4948209461412932,-0.5041260719299316,2.084038496017456
condescending,negative,1,data_driven,72,-0.20287567004561424,-1.5566285848617554,0.9653867781162262
condescending,negative,2,factual,72,-0.12742838760217032,-1.0087665617465973,0.41825705766677856
condescending,negative,3,methodical,74,-0.09510566435150199,-1.6332669854164124,1.1506381034851074
condescending,negative,4,analytical,72,-0.07113164787491162,-1.1628860235214233,2.2034640312194824
confident,positive,1,narrative,76,0.3988248210792479,-0.39436890184879303,1.7732376754283905
confident,positive,2,inspirational,74,0.2958056614608378,-0.8817617297172546,1.4066996723413467
confident,positive,3,methodical,74,0.23373198116550575,-0.6809601783752441,0.9098583459854126
confident,positive,4,educational,76,0.23146281283544867,-0.37549053132534027,1.1128929257392883
confident,negative,1,humble,74,-0.20941050008342071,-1.3205741196870804,0.5977059602737427
confident,negative,2,cautious,76,-0.175968745135163,-1.1145028173923492,0.8267019204795361
confident,negative,3,anxious,78,-0.1464145384155787,-1.112978607416153,1.1047642305493355
confident,negative,4,concise,62,-0.118330413535718,-0.8726895451545715,0.8600999116897583
confrontational,positive,1,educational,76,0.4423837740170328,-0.8109691143035889,1.7482420206069946
confrontational,positive,2,methodical,74,0.4284959016619502,-0.3246270418167114,2.80963933467865
confrontational,positive,3,analytical,72,0.4159493870619271,-2.861225664615631,2.6625478267669678
confrontational,positive,4,data_driven,72,0.3992689167045885,-0.36649471521377563,1.8008709847927094
confrontational,negative,1,spontaneous,76,-0.3275765880550209,-1.4611313045024872,0.949753001332283
confrontational,negative,2,empathetic,76,-0.3235427666651575,-1.3815272450447083,1.518139123916626
confrontational,negative,3,playful,74,-0.2827889029238675,-1.38462495803833,0.7392565608024597
confrontational,negative,4,anxious,78,-0.21479549469091955,-1.4068310409784317,1.1717925071716309
conscientious,positive,1,methodical,74,0.8069515171888713,-0.7666845321655273,2.7528183460235596
conscientious,positive,2,analytical,72,0.8014805734985404,-3.0770875066518784,3.143787443637848
conscientious,positive,3,educational,76,0.7598672858194301,-0.5579872131347656,2.848306179046631
conscientious,positive,4,verbose,72,0.7158967980908023,-0.3907020092010498,3.4198219031095505
conscientious,negative,1,entertaining,74,-0.3236609197951652,-2.1259240806102753,1.1650094985961914
conscientious,negative,2,spontaneous,76,-0.2546013632887288,-2.690552592277527,1.5789603292942047
conscientious,negative,3,playful,74,-0.1879433908978024,-1.7897396087646484,1.5338101387023926
conscientious,negative,4,casual,80,-0.08506234623491764,-1.529091238975525,1.5788050442934036
contemporary,positive,1,practical,72,0.15843210948838127,-0.5377908647060394,0.9900902360677719
contemporary,positive,2,collaborative,74,0.14035048214970408,-0.5165521651506424,1.6365095973014832
contemporary,positive,3,problem_solving,74,0.13095492144694199,-0.6145966351032257,1.045635163784027
contemporary,positive,4,grounded,74,0.10527053616336875,-0.807067483663559,1.210945725440979
contemporary,negative,1,narrative,76,-0.4611815965097201,-1.4858229756355286,0.5442390292882919
contemporary,negative,2,inspirational,74,-0.41954888242322047,-1.8777644038200378,0.6963518559932709
contemporary,negative,3,pessimistic,72,-0.3695539354036252,-1.7478341460227966,1.354752779006958
contemporary,negative,4,speculative,72,-0.3529304572277599,-1.524520754814148,0.41261906921863556
contrarian,positive,1,speculative,72,0.7430357659856478,-0.32819172739982605,1.8529742360115051
contrarian,positive,2,pessimistic,72,0.7265649851825502,-0.20358121395111084,2.1162763237953186
contrarian,positive,3,narrative,76,0.6998828912251874,-0.8959636837244034,2.4640914499759674
contrarian,positive,4,serious,76,0.5979228502041415,-0.9233768284320831,2.383016884326935
contrarian,negative,1,optimistic,74,0.16281922000485496,-1.0681174993515015,1.9179822206497192
contrarian,negative,2,concise,62,0.1851438783830212,-1.1484037339687347,1.4193167388439178
contrarian,negative,3,data_driven,72,0.20743166903654733,-1.3169382512569427,1.4502259492874146
contrarian,negative,4,inclusive,74,0.22415871555740768,-0.9966717511415482,1.8978674411773682
convergent,positive,1,confident,74,0.1575795772510606,-0.752277672290802,1.0495879352092743
convergent,positive,2,analytical,72,0.1573373650511106,-0.5692129135131836,1.232425332069397
convergent,positive,3,problem_solving,74,0.12901459231569962,-0.37610161304473877,1.0368306636810303
convergent,positive,4,strategic,72,0.08185944457848866,-0.9685317575931549,0.8834573328495026
convergent,negative,1,inspirational,74,-0.3001465422881616,-1.549966275691986,0.4230506122112274
convergent,negative,2,humble,74,-0.23489310813916697,-1.3687289506196976,0.41661734879016876
convergent,negative,3,optimistic,74,-0.22909476628174652,-1.5116701424121857,0.721566379070282
convergent,negative,4,narrative,76,-0.2285300708915058,-0.9245322346687317,0.6425768584012985
creative,positive,1,inspirational,74,1.1077757219003666,-0.4702324867248535,3.175585523247719
creative,positive,2,verbose,72,1.082186270919111,-0.2141578197479248,3.6715087294578552
creative,positive,3,narrative,76,1.0636030870832895,-0.544042706489563,3.1544586569070816
creative,positive,4,big_picture,74,0.9836579915639516,-0.20290470123291016,3.3735000789165497
creative,negative,1,concise,62,0.25508684857237723,-1.0464260578155518,2.225941300392151
creative,negative,2,anxious,78,0.2967790288802905,-3.4374033212661743,2.036378502845764
creative,negative,3,stoic,72,0.3363959565758705,-2.200804650783539,2.189939558506012
creative,negative,4,spontaneous,76,0.3620652411329119,-1.1509805917739868,1.8075325340032578
critical,positive,1,narrative,76,0.7057003031827902,-0.9897342920303345,2.3579156398773193
critical,positive,2,speculative,72,0.6961879202475151,-0.3668559044599533,1.8427753448486328
critical,positive,3,pessimistic,72,0.6684888795846038,-0.3008089065551758,1.656803920865059
critical,positive,4,serious,76,0.5868207228026892,-0.5462794303894043,2.302018105983734
critical,negative,1,concise,62,0.11709334749367929,-0.9125699698925018,1.1036235094070435
critical,negative,2,optimistic,74,0.16683605997949033,-0.7569772899150848,1.6817866563796997
critical,negative,3,practical,72,0.1916103321644995,-1.2656474858522415,1.3911794126033783
critical,negative,4,casual,80,0.20387241281569005,-1.0426868200302124,2.2773162722587585
cruel,positive,1,entertaining,74,-0.022102732916136045,-1.8020052909851074,0.9795582294464111
cruel,positive,2,confident,74,-0.07230247114155744,-1.3218189477920532,1.9053874909877777
cruel,positive,3,strategic,72,-0.0821502920654085,-1.3229551315307617,1.8727644085884094
cruel,positive,4,playful,74,-0.1264067404978984,-1.6410167217254639,1.4845812320709229
cruel,negative,1,patient,78,-0.6265061085040753,-3.0925498008728027,0.40030980110168457
cruel,negative,2,optimistic,74,-0.5973122039356747,-2.819526433944702,0.1980595588684082
cruel,negative,3,inspirational,74,-0.5888217365419542,-2.2547279596328735,0.3387632369995117
cruel,negative,4,empathetic,76,-0.583371661211315,-2.8033525943756104,0.38771939277648926
cryptic,positive,1,narrative,76,1.137432765803839,-0.4567655324935913,4.169029355049133
cryptic,positive,2,inspirational,74,0.8971232941021791,-1.0422052145004272,3.112347722053528
cryptic,positive,3,big_picture,74,0.6570426233716913,-0.3496807813644409,2.906736373901367
cryptic,positive,4,speculative,72,0.651622491578261,-0.39098429679870605,3.028405785560608
cryptic,negative,1,practical,72,-0.03648141688770718,-2.282492995262146,1.1013201475143433
cryptic,negative,2,patient,78,-0.026142816513012618,-3.1249983310699463,1.4287545680999756
cryptic,negative,3,factual,72,-0.016540495885743037,-1.2539775371551514,0.9360526204109192
cryptic,negative,4,collaborative,74,-0.011349530638875189,-0.7426052689552307,0.9357109069824219
curious,positive,1,verbose,72,1.1526998165580962,-0.20818066596984863,4.601244211196899
curious,positive,2,inspirational,74,1.1336258404158257,-0.12786364555358887,3.565969079732895
curious,positive,3,narrative,76,1.1178808780877214,-0.15804529190063477,3.775692641735077
curious,positive,4,methodical,74,0.97630095179822,-0.4808039665222168,3.091346353292465
curious,negative,1,spontaneous,76,0.17623360611890493,-1.7000463008880615,1.9762213230133057
curious,negative,2,concise,62,0.2542414807023541,-2.004917025566101,2.590965121984482
curious,negative,3,casual,80,0.3006422773003578,-1.201226830482483,3.211783707141876
curious,negative,4,entertaining,74,0.3009054773562663,-0.9904255867004395,3.0898436903953552
cynical,positive,1,entertaining,74,0.33870530430529566,-0.43645113706588745,1.8417589664459229
cynical,positive,2,reactive,76,0.17183425512753034,-0.8057702630758286,1.2368232607841492
cynical,positive,3,spontaneous,76,0.16008703567479787,-0.9957022666931152,1.896401584148407
cynical,positive,4,accessible,74,0.11627409707855534,-0.9273189306259155,1.196848213672638
cynical,negative,1,inspirational,74,-0.3951836784143706,-1.736369013786316,0.6512905359268188
cynical,negative,2,optimistic,74,-0.3722336175473961,-1.2692275047302246,0.15683263540267944
cynical,negative,3,patient,78,-0.2607873869247926,-1.3745097219944,0.4723430275917053
cynical,negative,4,inclusive,74,-0.20436644272224322,-1.2154112756252289,0.8747245520353317
data_driven,positive,1,data_driven,72,0.12377889288796319,-2.2192187309265137,1.6876511573791504
data_driven,positive,2,strategic,72,-0.1510404215918647,-1.449681043624878,2.763420343399048
data_driven,positive,3,problem_solving,74,-0.19834535830729716,-2.184957981109619,0.8726236820220947
data_driven,positive,4,practical,72,-0.20229309135013157,-2.2135167121887207,1.8491134643554688
data_driven,negative,1,inspirational,74,-0.7983576542622334,-2.2256991863250732,0.24168610572814941
data_driven,negative,2,humble,74,-0.7463250031342378,-4.072974324226379,0.4736926555633545
data_driven,negative,3,pessimistic,72,-0.7454864614539676,-4.368251442909241,0.43036341667175293
data_driven,negative,4,narrative,76,-0.7132890475423712,-2.702064037322998,0.8994052410125732
decisive,positive,1,data_driven,72,0.16446348859204185,-1.185659110546112,1.1512000560760498
decisive,positive,2,confident,74,0.023327401360949955,-1.4381436109542847,1.3803480565547943
decisive,positive,3,analytical,72,0.007139068510797288,-1.2023197412490845,1.4122286438941956
decisive,positive,4,educational,76,-0.016500273817463926,-1.280802071094513,0.9295788407325745
decisive,negative,1,humble,74,-0.5412887040827725,-2.5307247266173363,0.5789287090301514
decisive,negative,2,pessimistic,72,-0.5337993492268853,-1.6607987508177757,0.358417272567749
decisive,negative,3,curious,74,-0.4768764259847435,-1.7555831372737885,0.5978556871414185
decisive,negative,4,empathetic,76,-0.4598800655650465,-1.556065559387207,0.5027673840522766
deconstructionist,positive,1,speculative,72,0.795913514163759,-0.21345680952072144,2.076318860054016
deconstructionist,positive,2,narrative,76,0.7344446358712096,-0.9441912323236465,2.275193303823471
deconstructionist,positive,3,pessimistic,72,0.727651202533808,-0.12361139059066772,1.969920814037323
deconstructionist,positive,4,big_picture,74,0.6229153797030449,-0.5677102208137512,2.234844744205475
deconstructionist,negative,1,concise,62,0.13046188580413018,-1.3245662450790405,1.2241552472114563
deconstructionist,negative,2,optimistic,74,0.20848051176683322,-1.166576325893402,1.567314475774765
deconstructionist,negative,3,agreeable,74,0.2508591101379008,-1.4772369638085365,1.5823028087615967
deconstructionist,negative,4,practical,72,0.254233250187503,-1.2428638935089111,1.7447071075439453
deontological,positive,1,narrative,76,0.8918484974848596,-1.1715021133422852,5.213583052158356
deontological,positive,2,methodical,74,0.8839537074437013,-0.7151827812194824,5.207685947418213
deontological,positive,3,verbose,72,0.7959862119621701,-1.091137409210205,5.3759965896606445
deontological,positive,4,speculative,72,0.7683970067236159,-0.788917064666748,4.4723926186561584
deontological,negative,1,strategic,72,-0.02164765612946616,-5.209473252296448,3.1485765874385834
deontological,negative,2,concise,62,0.03251428565671367,-2.7077159881591797,3.3315765261650085
deontological,negative,3,confident,74,0.06095354460381173,-3.6228820085525513,4.394553303718567
deontological,negative,4,spontaneous,76,0.06922260083650288,-2.1877323389053345,2.5338197350502014
detached,positive,1,data_driven,72,0.4415295860833592,-0.6610820293426514,1.748818278312683
detached,positive,2,analytical,72,0.34158945166402394,-2.183767795562744,1.9300400018692017
detached,positive,3,educational,76,0.30227220685858475,-0.7722680270671844,1.3495560884475708
detached,positive,4,methodical,74,0.2756636674339707,-1.1103502213954926,1.4750800132751465
detached,negative,1,inspirational,74,-0.710827999018334,-2.4897900819778442,0.2571268081665039
detached,negative,2,entertaining,74,-0.6400144784837156,-2.628646433353424,0.6191699504852295
detached,negative,3,empathetic,76,-0.6387034113469877,-2.7408658862113953,0.3123377561569214
detached,negative,4,narrative,76,-0.6207328360331686,-2.587154746055603,0.9499695301055908
deterministic,positive,1,narrative,76,0.42713307922607974,-0.7770475447177887,1.5871228873729706
deterministic,positive,2,formal,74,0.36869611007136266,-1.1997561417520046,2.532056212425232
deterministic,positive,3,speculative,72,0.27833624380744165,-1.097709745168686,2.077988989651203
deterministic,positive,4,verbose,72,0.2770010795858171,-0.839123323559761,1.1883568167686462
deterministic,negative,1,humble,74,-0.29372690084415515,-1.9374138712882996,1.0201319009065628
deterministic,negative,2,practical,72,-0.12242835387587547,-1.6205171570181847,1.490260362625122
deterministic,negative,3,problem_solving,74,-0.09099934360868223,-1.9087611138820648,1.163278877735138
deterministic,negative,4,anxious,78,-0.06944800865573761,-2.159616470336914,1.9531797766685486
diplomatic,positive,1,methodical,74,0.5857548842558989,-1.073554277420044,2.1809606552124023
diplomatic,positive,2,analytical,72,0.5672866130868593,-2.6133008897304535,2.1771072149276733
diplomatic,positive,3,patient,78,0.5641441826636975,-0.7278068661689758,2.6038723587989807
diplomatic,positive,4,educational,76,0.5274653513180582,-0.7657172679901123,2.373741388320923
diplomatic,negative,1,entertaining,74,-0.36423399238973053,-2.059218108654022,1.6801296472549438
diplomatic,negative,2,playful,74,-0.19488349073642008,-1.8356921672821045,1.5024904012680054
diplomatic,negative,3,spontaneous,76,-0.13503385217566238,-2.925696551799774,1.4129767417907715
diplomatic,negative,4,pessimistic,72,-0.09489957325988346,-1.3110852241516113,1.8410065174102783
disorganized,positive,1,entertaining,74,0.5045520518277142,-0.5909950733184814,2.078733801841736
disorganized,positive,2,spontaneous,76,0.3668243281151119,-1.2170162200927734,2.6183380484580994
disorganized,positive,3,playful,74,0.3244324084874746,-1.203203946352005,2.252411723136902
disorganized,positive,4,accessible,74,0.19256806615236643,-0.7103264331817627,2.6239518523216248
disorganized,negative,1,methodical,74,-0.5701402937238281,-2.3838438987731934,0.5560107231140137
disorganized,negative,2,analytical,72,-0.5582593195140362,-2.5773039758205414,2.6163993030786514
disorganized,negative,3,educational,76,-0.48227601380724655,-1.9093774557113647,0.6738375425338745
disorganized,negative,4,data_driven,72,-0.475453642093473,-1.6428496986627579,0.7249407768249512
dispassionate,positive,1,data_driven,72,0.3350493080086178,-0.9894434809684753,2.1078726649284363
dispassionate,positive,2,factual,72,0.09903927064604229,-1.5819073915481567,1.052477777004242
dispassionate,positive,3,analytical,72,0.05168121639225218,-1.3704571425914764,1.5634579062461853
dispassionate,positive,4,educational,76,0.02539097164806567,-1.6552806198596954,1.4220796525478363
dispassionate,negative,1,narrative,76,-1.0334139293745945,-2.941484808921814,0.7639800906181335
dispassionate,negative,2,inspirational,74,-1.030962254550006,-2.86114963889122,-0.03919658064842224
dispassionate,negative,3,pessimistic,72,-0.8687647510733869,-2.1699557304382324,0.801297128200531
dispassionate,negative,4,empathetic,76,-0.7671495044701978,-2.5462088584899902,0.4008976221084595
dogmatic,positive,1,entertaining,74,0.08744108193629496,-1.8772460222244263,1.4187780916690826
dogmatic,positive,2,playful,74,0.020387790493063024,-1.3203159272670746,1.305329903960228
dogmatic,positive,3,spontaneous,76,-0.005297438878762095,-1.7474284768104553,1.800939291715622
dogmatic,positive,4,pessimistic,72,-0.017493993043899536,-1.852365255355835,1.227100133895874
dogmatic,negative,1,analytical,72,-0.6505836368434958,-2.087291657924652,1.9473425149917603
dogmatic,negative,2,methodical,74,-0.6356963468967257,-2.4788137078285217,0.6958068609237671
dogmatic,negative,3,educational,76,-0.5538412854075432,-2.403224155306816,0.6955373287200928
dogmatic,negative,4,patient,78,-0.5507524590461682,-2.057510554790497,0.38028573989868164
dominant,positive,1,analytical,72,0.7277057878673077,-1.18864506483078,1.8813414573669434
dominant,positive,2,educational,76,0.6832673961394712,-0.5633232295513153,1.6578760743141174
dominant,positive,3,methodical,74,0.6519119572397825,-0.5793838500976562,1.6432142853736877
dominant,positive,4,data_driven,72,0.6095683212495513,-0.8760812878608704,1.8983871936798096
dominant,negative,1,anxious,78,-0.24892589163321716,-1.117396056652069,1.1491145491600037
dominant,negative,2,humble,74,-0.2441115780053912,-2.040155827999115,0.8849167823791504
dominant,negative,3,spontaneous,76,-0.1712073415125671,-1.5358290076255798,0.8458841145038605
dominant,negative,4,pessimistic,72,-0.14965681959357527,-1.650901734828949,0.8790086507797241
dramatic,positive,1,narrative,76,1.4148530897341276,-0.3152274489402771,4.547775626182556
dramatic,positive,2,inspirational,74,1.1833133657236357,-0.1846427023410797,3.454219102859497
dramatic,positive,3,big_picture,74,0.8479517996311188,-0.12693679332733154,3.4441944360733032
dramatic,positive,4,speculative,72,0.763358571463161,-0.471647709608078,3.6120270490646362
dramatic,negative,1,data_driven,72,0.05515755961338679,-1.3928260803222656,1.4226943850517273
dramatic,negative,2,factual,72,0.058306640221012965,-1.5622428059577942,0.8488916158676147
dramatic,negative,3,practical,72,0.07203034145964517,-1.7511194944381714,1.1046814918518066
dramatic,negative,4,problem_solving,74,0.13226896041148417,-1.5386461019515991,2.1197226643562317
earnest,positive,1,inspirational,74,0.9943044733356785,-0.2591972351074219,3.1785849928855896
earnest,positive,2,verbose,72,0.8695982139971521,-0.3131122589111328,4.336605936288834
earnest,positive,3,narrative,76,0.8014680131485588,-0.9426009654998779,3.1292151510715485
earnest,positive,4,methodical,74,0.8009884212468121,-0.7297394275665283,2.9795244336128235
earnest,negative,1,entertaining,74,-0.2209843574343501,-1.9454680681228638,1.8575432300567627
earnest,negative,2,spontaneous,76,-0.16621865998757512,-3.050217390060425,1.868894100189209
earnest,negative,3,playful,74,-0.05690212588052492,-1.6503585577011108,1.8939206004142761
earnest,negative,4,casual,80,0.03569611981511116,-0.908421516418457,2.1612367630004883
eclectic,positive,1,inspirational,74,1.0914160246784623,-0.2000732421875,3.193592071533203
eclectic,positive,2,narrative,76,0.9213190900259897,-0.7386318445205688,2.2477664947509766
eclectic,positive,3,speculative,72,0.8859151411387656,-0.22116440534591675,2.418837070465088
eclectic,positive,4,verbose,72,0.8605888897760047,-0.9383066296577454,2.243440866470337
eclectic,negative,1,concise,62,0.0733706061878512,-1.4090058207511902,1.4727213978767395
eclectic,negative,2,collaborative,74,0.11088598016146067,-1.611240804195404,1.1338746845722198
eclectic,negative,3,grounded,74,0.12206623642831235,-1.7242339253425598,2.022230237722397
eclectic,negative,4,practical,72,0.1494244465397464,-1.2052699327468872,1.9098289757966995
edgy,positive,1,entertaining,74,0.4612162999204687,-1.8295531272888184,2.168407917022705
edgy,positive,2,playful,74,0.2652870754937868,-1.8230035305023193,2.7647767066955566
edgy,positive,3,spontaneous,76,0.25361682239331695,-1.8515446186065674,3.7873756885528564
edgy,positive,4,anxious,78,0.12227743711227025,-1.4841244220733643,2.3079304695129395
edgy,negative,1,patient,78,-0.6147524974285028,-2.965633511543274,0.7722547054290771
edgy,negative,2,methodical,74,-0.5934305996508211,-2.840576410293579,1.1739122867584229
edgy,negative,3,analytical,72,-0.5465181387133069,-2.8238572478294373,3.726278781890869
edgy,negative,4,educational,76,-0.5367342265028703,-2.678315758705139,0.8044009208679199
educational,positive,1,methodical,74,1.0302083089544967,-0.29398608207702637,4.304828464984894
educational,positive,2,verbose,72,0.9764179113424487,-0.3823270797729492,4.901665925979614
educational,positive,3,analytical,72,0.8992353195531501,-4.231855869293213,4.545923590660095
educational,positive,4,narrative,76,0.8746426140791491,-0.46164798736572266,4.222260117530823
educational,negative,1,spontaneous,76,0.12565137210645175,-2.1256561279296875,2.531052455306053
educational,negative,2,entertaining,74,0.1930346005671733,-1.1584126949310303,3.615606129169464
educational,negative,3,playful,74,0.19523071960822955,-0.9920485019683838,2.4540646374225616
educational,negative,4,concise,62,0.2074879922213093,-2.4575943499803543,3.2698505520820618
effusive,positive,1,entertaining,74,0.5423456688184995,-0.7863812446594238,2.834764748811722
effusive,positive,2,narrative,76,0.4430011197140342,-1.0569418668746948,2.2285893261432648
effusive,positive,3,playful,74,0.4018845646768003,-1.3544349670410156,2.7597227096557617
effusive,positive,4,inspirational,74,0.36600713069374496,-0.5944340229034424,2.0308123528957367
effusive,negative,1,methodical,74,-0.2578978087451007,-1.2945431470870972,0.9571726322174072
effusive,negative,2,analytical,72,-0.2570209453503291,-1.5030040740966797,2.232450485229492
effusive,negative,3,factual,72,-0.2499962117936876,-1.350394606590271,0.6149868965148926
effusive,negative,4,educational,76,-0.22201952808781675,-1.4554582834243774,0.6188206672668457
egalitarian,positive,1,methodical,74,1.3386215760901168,-0.237060546875,6.518686056137085
egalitarian,positive,2,narrative,76,1.2863425769303973,-0.910851001739502,6.328990936279297
egalitarian,positive,3,verbose,72,1.252327113515801,-0.5119318962097168,7.514034986495972
egalitarian,positive,4,patient,78,1.182414282590915,-0.9320993423461914,6.315502166748047
egalitarian,negative,1,spontaneous,76,0.1729658747974195,-3.124689042568207,3.4678711891174316
egalitarian,negative,2,concise,62,0.2689597356703974,-3.147616133093834,4.828684061765671
egalitarian,negative,3,playful,74,0.2839507206871703,-1.3774638175964355,3.5596605390310287
egalitarian,negative,4,anxious,78,0.33289220394232333,-4.748509526252747,2.7402169704437256
elitist,positive,1,spontaneous,76,-0.13589122891426086,-3.667650580406189,3.093260109424591
elitist,positive,2,playful,74,-0.18976779886194178,-3.6876361966133118,1.815361499786377
elitist,positive,3,entertaining,74,-0.26271052296097214,-4.83857786655426,1.3701348304748535
elitist,positive,4,strategic,72,-0.28087427218755084,-4.410069704055786,7.0914390087127686
elitist,negative,1,patient,78,-1.2197675017210154,-6.106127887964249,0.4374556541442871
elitist,negative,2,methodical,74,-1.198966991257023,-6.370348691940308,0.49397897720336914
elitist,negative,3,verbose,72,-1.068551755613751,-7.150501728057861,0.5944910049438477
elitist,negative,4,calm,76,-1.0499972610881454,-6.294588714838028,1.1173324584960938
eloquent,positive,1,narrative,76,1.6210618403397108,-0.024495840072631836,4.063373386859894
eloquent,positive,2,inspirational,74,1.5272111270476032,-0.23181188106536865,3.8379712104797363
eloquent,positive,3,verbose,72,1.1561024321450128,-0.12013998627662659,4.088657170534134
eloquent,positive,4,big_picture,74,1.1203269310094215,-0.24395957589149475,3.589673474431038
eloquent,negative,1,practical,72,0.20760195847186777,-1.7529048919677734,1.4779517948627472
eloquent,negative,2,concise,62,0.24177624982210896,-0.6774113178253174,2.4091101586818695
eloquent,negative,3,factual,72,0.2824989739391539,-1.7971723675727844,1.3890748620033264
eloquent,negative,4,problem_solving,74,0.3114174734297636,-1.1417689621448517,1.9414435625076294
emotional,positive,1,narrative,76,0.9276083647028396,-0.8512445092201233,2.964020252227783
emotional,positive,2,inspirational,74,0.9251529969073631,-0.1484394073486328,3.15120005607605
emotional,positive,3,pessimistic,72,0.8087556842300627,-0.6423380374908447,2.2861002683639526
emotional,positive,4,empathetic,76,0.778081465708582,-0.28379470109939575,2.9356242418289185
emotional,negative,1,data_driven,72,-0.35500752760304344,-1.896093487739563,1.0299992561340332
emotional,negative,2,educational,76,-0.15277858039266184,-1.5139734148979187,1.665608525276184
emotional,negative,3,analytical,72,-0.14749097782704565,-1.8687575459480286,1.5818355977535248
emotional,negative,4,factual,72,-0.1260895584192541,-1.1508390307426453,1.8856987953186035
empathetic,positive,1,humble,74,0.7198564410209656,-0.9407567977905273,2.564895808696747
empathetic,positive,2,empathetic,76,0.6953977777769691,-0.4781332015991211,3.5420151948928833
empathetic,positive,3,pessimistic,72,0.6750225697954496,-0.6607458889484406,2.4793606996536255
empathetic,positive,4,anxious,78,0.6705574274827273,-1.2051285803318024,2.634783089160919
empathetic,negative,1,data_driven,72,-0.5249384683039453,-2.100775569677353,0.970147967338562
empathetic,negative,2,educational,76,-0.4468079425002399,-1.622625708580017,0.6753246784210205
empathetic,negative,3,analytical,72,-0.35343611074818504,-1.6382975578308105,2.0532067716121674
empathetic,negative,4,methodical,74,-0.33480843156576157,-1.813150703907013,1.7458086013793945
enigmatic,positive,1,narrative,76,1.2294123776649173,-0.6945165991783142,4.3714412450790405
enigmatic,positive,2,inspirational,74,0.9597253219501393,-0.9228975772857666,3.173725724220276
enigmatic,positive,3,big_picture,74,0.7178366715843613,-0.3975735008716583,2.9881671667099
enigmatic,positive,4,entertaining,74,0.6851629598720653,-0.29411256313323975,3.4015759229660034
enigmatic,negative,1,factual,72,-0.03240253196822272,-1.3795651495456696,0.7400081157684326
enigmatic,negative,2,data_driven,72,-0.03048218290011088,-1.404764175415039,1.0981029272079468
enigmatic,negative,3,practical,72,-0.015517620576752557,-2.071794629096985,0.8372516632080078
enigmatic,negative,4,patient,78,0.051590717755831204,-3.187132954597473,1.4039838314056396
entertaining,positive,1,entertaining,74,0.971594130267968,-0.1543499231338501,2.746454209089279
entertaining,positive,2,narrative,76,0.8581911552893488,-0.3509286046028137,2.1849969625473022
entertaining,positive,3,playful,74,0.83997838038045,-0.6121408939361572,2.920695662498474
entertaining,positive,4,inspirational,74,0.7812441317616282,-0.054376184940338135,2.0694915652275085
entertaining,negative,1,data_driven,72,-0.05169196923573812,-1.9924875497817993,1.1456118524074554
entertaining,negative,2,stoic,72,0.14410164910886022,-1.0607471764087677,1.1497790813446045
entertaining,negative,3,factual,72,0.15448051484094727,-0.5544678270816803,1.1373649537563324
entertaining,negative,4,traditional,70,0.20533628037997653,-1.282166749238968,1.7533344626426697
environmental,positive,1,narrative,76,0.7701620143887243,-0.17141008377075195,2.879000961780548
environmental,positive,2,inspirational,74,0.7681660179954928,-0.18277227878570557,2.985054850578308
environmental,positive,3,speculative,72,0.6900777933187783,-0.3394315242767334,2.8405386805534363
environmental,positive,4,verbose,72,0.6764925538769199,-0.24595904350280762,3.4484312534332275
environmental,negative,1,concise,62,0.08516639615258863,-1.1522608250379562,1.7358349114656448
environmental,negative,2,spontaneous,76,0.11457561583895433,-1.253010869026184,1.4785628914833069
environmental,negative,3,playful,74,0.18848939657815406,-0.6506736278533936,1.3005132302641869
environmental,negative,4,adaptable,74,0.20635849277715426,-0.8093136548995972,1.6894416511058807
epicurean,positive,1,narrative,76,1.0017989726835175,-0.4775421619415283,2.3661751747131348
epicurean,positive,2,inspirational,74,0.9810397222235396,-0.2685730457305908,2.4853155612945557
epicurean,positive,3,verbose,72,0.8354435846623447,-0.1269599199295044,2.171199381351471
epicurean,positive,4,big_picture,74,0.7252967945627264,-0.21078333258628845,2.3727722764015198
epicurean,negative,1,spontaneous,76,0.13798251689264648,-1.0171717405319214,1.060273289680481
epicurean,negative,2,practical,72,0.153220953212844,-1.4580883532762527,1.2003102898597717
epicurean,negative,3,humble,74,0.15379393523609317,-1.3536143749952316,1.1874389350414276
epicurean,negative,4,concise,62,0.15996228903532028,-0.4071659743785858,1.467129960656166
esoteric,positive,1,narrative,76,0.7369557250487176,-0.4330257773399353,2.263984441757202
esoteric,positive,2,verbose,72,0.6906599390010039,-0.6205419301986694,1.373520016670227
esoteric,positive,3,inspirational,74,0.6682515377933914,-1.0524189472198486,2.5538474321365356
esoteric,positive,4,speculative,72,0.6370309326383803,-0.38877302408218384,2.4530975818634033
esoteric,negative,1,humble,74,-0.1889101798469956,-2.247428685426712,1.0938724279403687
esoteric,negative,2,collaborative,74,-0.1032222694641835,-1.24277663230896,1.1256543397903442
esoteric,negative,3,casual,80,-0.10198702663183212,-1.1803700923919678,1.154380053281784
esoteric,negative,4,grounded,74,-0.08481978363281972,-1.8404400646686554,1.5307728052139282
essentialist,positive,1,confident,74,-0.044605018319310366,-0.9083600044250488,0.7532489895820618
essentialist,positive,2,proactive,74,-0.12567114427283005,-0.9358628988265991,0.6333528757095337
essentialist,positive,3,data_driven,72,-0.13362721602121988,-1.0137692093849182,0.6009254455566406
essentialist,positive,4,narrative,76,-0.14463802309412704,-0.9879961311817169,0.8776626884937286
essentialist,negative,1,collaborative,74,-0.404049258377101,-1.1221083998680115,0.6402404308319092
essentialist,negative,2,pessimistic,72,-0.37482915818691254,-1.0119322538375854,0.1517777442932129
essentialist,negative,3,patient,78,-0.3671672225762636,-1.506628766655922,0.6954948306083679
essentialist,negative,4,curious,74,-0.3652579212510908,-1.2288796603679657,0.47554802894592285
ethereal,positive,1,narrative,76,1.2608720573939776,-0.4768993854522705,4.399003386497498
ethereal,positive,2,inspirational,74,1.0498620166971877,-0.721510648727417,3.7560720443725586
ethereal,positive,3,big_picture,74,0.6919687656131951,-0.2531284689903259,3.0556832551956177
ethereal,positive,4,speculative,72,0.6058381514416801,-0.6756281852722168,3.685787618160248
ethereal,negative,1,factual,72,-0.09808539847532909,-1.504975974559784,0.5734326243400574
ethereal,negative,2,data_driven,72,-0.07734273788001803,-1.5425031185150146,1.0736787617206573
ethereal,negative,3,practical,72,-0.05701854493882921,-2.2361082434654236,1.1044440269470215
ethereal,negative,4,collaborative,74,-0.006900658478608003,-0.876978874206543,0.8399727940559387
existentialist,positive,1,inspirational,74,0.601871258705049,-0.329581081867218,2.5253293812274933
existentialist,positive,2,narrative,76,0.44595050890194743,-0.8995420038700104,1.9382300972938538
existentialist,positive,3,humble,74,0.42835930714736115,-1.3501355946063995,2.286848783493042
existentialist,positive,4,empathetic,76,0.41944685421491923,-0.738097220659256,1.7737091779708862
existentialist,negative,1,data_driven,72,-0.29065170759956044,-1.1980868875980377,0.6303262710571289
existentialist,negative,2,methodical,74,-0.14449819036432215,-1.1289130747318268,1.1917578876018524
existentialist,negative,3,factual,72,-0.14036298625999027,-0.9287066757678986,0.8285056054592133
existentialist,negative,4,educational,76,-0.13401438531122709,-0.8412935882806778,0.8438990712165833
experiential,positive,1,entertaining,74,0.24944020203641942,-0.9959739446640015,1.4341126680374146
experiential,positive,2,spontaneous,76,0.16856133467272708,-1.0968068838119507,1.780867949128151
experiential,positive,3,casual,80,0.08950315415859222,-1.0027783513069153,1.0445887446403503
experiential,positive,4,playful,74,0.07686673044352918,-0.9568054676055908,1.9310651123523712
experiential,negative,1,verbose,72,-0.49939627945423126,-1.9441478848457336,0.11109817028045654
experiential,negative,2,formal,74,-0.421847137244972,-1.831737756729126,0.5234452486038208
experiential,negative,3,inspirational,74,-0.4071231895201915,-1.0396625399589539,0.438205361366272
experiential,negative,4,educational,76,-0.401016985115252,-1.8206009268760681,0.4098933935165405
extroverted,positive,1,inspirational,74,0.6760104145552661,-0.09643957018852234,1.9390694051980972
extroverted,positive,2,narrative,76,0.6332427243653097,-0.17143404483795166,1.910825252532959
extroverted,positive,3,optimistic,74,0.47114182686483536,-0.34908388555049896,2.4355405271053314
extroverted,positive,4,entertaining,74,0.46998949590566996,-0.1889815330505371,1.784383624792099
extroverted,negative,1,traditional,70,0.08043097768511091,-1.195985123515129,1.1983182430267334
extroverted,negative,2,concise,62,0.08532795886839589,-0.5253052711486816,0.940845400094986
extroverted,negative,3,stoic,72,0.11537402412957615,-0.6711510121822357,0.8677279055118561
extroverted,negative,4,cautious,76,0.11839805308141206,-0.7254650592803955,0.975825160741806
fatalistic,positive,1,narrative,76,0.7945697858537498,-0.631944090127945,2.534731149673462
fatalistic,positive,2,pessimistic,72,0.6001903638243675,-0.5716351568698883,2.093738555908203
fatalistic,positive,3,inspirational,74,0.5792305018450763,-1.5630201697349548,2.5266504287719727
fatalistic,positive,4,speculative,72,0.47122791926893925,-0.9720233678817749,2.174236536026001
fatalistic,negative,1,practical,72,-0.16157027561631468,-1.4547946453094482,1.6024685204029083
fatalistic,negative,2,problem_solving,74,-0.1505737705407916,-1.2680503129959106,1.0663423538208008
fatalistic,negative,3,data_driven,72,-0.145840369992786,-1.5839910507202148,1.4634618163108826
fatalistic,negative,4,factual,72,-0.12765673051277796,-1.358504593372345,0.8660190999507904
flexible,positive,1,methodical,74,0.6676869940113377,-0.9188605546951294,3.343369871377945
flexible,positive,2,optimistic,74,0.6412798540817725,-0.6311142444610596,2.5206412076950073
flexible,positive,3,patient,78,0.6372415450138923,-0.6375706195831299,2.9754679650068283
flexible,positive,4,humble,74,0.6156443293030197,-1.1004722118377686,2.728964239358902
flexible,negative,1,pessimistic,72,0.0495912196735541,-1.434028148651123,2.842776343226433
flexible,negative,2,spontaneous,76,0.06748783235487185,-1.9368751049041748,1.9124518036842346
flexible,negative,3,confident,74,0.110429767015818,-3.331133246421814,2.028140127658844
flexible,negative,4,anxious,78,0.12197435322480324,-1.1956354081630707,1.9762808084487915
flippant,positive,1,entertaining,74,0.4268132045462325,-1.4792944192886353,2.602312207221985
flippant,positive,2,playful,74,0.3243402081566888,-1.7931879758834839,2.8058626651763916
flippant,positive,3,spontaneous,76,0.2863679222370449,-1.9074771404266357,3.499464690685272
flippant,positive,4,casual,80,0.08872412890195847,-1.8348544836044312,1.493549406528473
flippant,negative,1,methodical,74,-0.7979642370262662,-3.134729743003845,0.7500691413879395
flippant,negative,2,analytical,72,-0.7781238448288705,-3.473347172141075,4.091887667775154
flippant,negative,3,educational,76,-0.754580515779947,-2.8801459074020386,0.43399763107299805
flippant,negative,4,verbose,72,-0.7334215314024024,-3.7476620823144913,0.40875983238220215
flirty,positive,1,entertaining,74,0.7129700256360544,-0.29243040084838867,2.5152233242988586
flirty,positive,2,narrative,76,0.6774990527253402,-1.0137035846710205,2.867774546146393
flirty,positive,3,inspirational,74,0.5004404928233173,-0.4773526191711426,2.5523646473884583
flirty,positive,4,playful,74,0.46572315853995244,-1.3810088634490967,2.413311183452606
flirty,negative,1,factual,72,-0.15668215685420567,-1.2082411050796509,1.0104249715805054
flirty,negative,2,data_driven,72,-0.13835817575454712,-1.469713568687439,0.5577268600463867
flirty,negative,3,methodical,74,-0.09395022650022765,-1.282206416130066,1.3531622886657715
flirty,negative,4,patient,78,-0.0868703761161902,-2.132614016532898,1.9156053960323334
forgiving,positive,1,humble,74,0.7454020604491234,-0.30617332458496094,2.642727345228195
forgiving,positive,2,empathetic,76,0.695472952174513,-0.3020855188369751,2.2980153262615204
forgiving,positive,3,inspirational,74,0.6592040972129719,-0.40117311477661133,1.9898524284362793
forgiving,positive,4,optimistic,74,0.6375746600128509,-0.3253209590911865,2.2867707535624504
forgiving,negative,1,data_driven,72,-0.017770704709821276,-0.9146908521652222,1.2610604166984558
forgiving,negative,2,strategic,72,0.13445949575139415,-1.6192283257842064,1.4946473836898804
forgiving,negative,3,confident,74,0.17655869231030746,-1.6622583270072937,1.4341071397066116
forgiving,negative,4,educational,76,0.17969155115516564,-0.6890890598297119,1.4222209453582764
formal,positive,1,educational,76,0.7010386633245569,-0.21959781646728516,1.9704790115356445
formal,positive,2,verbose,72,0.6817204538318846,-0.11813735961914062,2.74542535841465
formal,positive,3,methodical,74,0.6781794088515075,-0.7947618961334229,2.0513429045677185
formal,positive,4,analytical,72,0.6740660981999503,-2.504401743412018,2.2099769711494446
formal,negative,1,entertaining,74,-0.5208256969580779,-2.800674796104431,0.9054107666015625
formal,negative,2,spontaneous,76,-0.3785238383631957,-2.7670120000839233,1.0839169323444366
formal,negative,3,playful,74,-0.3322595663972803,-2.423846423625946,0.9562591314315796
formal,negative,4,casual,80,-0.3159646689891815,-1.9546855092048645,0.9336813688278198
fundamentalist,positive,1,spontaneous,76,-0.3527566163163436,-2.539951801300049,1.8521201610565186
fundamentalist,positive,2,concise,62,-0.43576524334569133,-3.556419014930725,2.163063406944275
fundamentalist,positive,3,confident,74,-0.4787386833010493,-3.3927133679389954,2.7105119228363037
fundamentalist,positive,4,entertaining,74,-0.4977320690412779,-3.608546257019043,0.9333252906799316
fundamentalist,negative,1,inspirational,74,-1.3078023775203809,-3.8399102687835693,0.009759902954101562
fundamentalist,negative,2,verbose,72,-1.250061806705263,-5.273351788520813,0.3174257278442383
fundamentalist,negative,3,patient,78,-1.1385168127524548,-4.797396391630173,0.41989731788635254
fundamentalist,negative,4,narrative,76,-1.1305022200471477,-3.847823590040207,0.9462883472442627
futuristic,positive,1,verbose,72,0.5511103694637617,-0.14677798748016357,2.080668583512306
futuristic,positive,2,formal,74,0.5301277391813897,-0.3473314046859741,2.114095777273178
futuristic,positive,3,inspirational,74,0.527497835658692,-0.5562766194343567,1.865636169910431
futuristic,positive,4,educational,76,0.5144163687762461,-0.29398250579833984,1.7011734992265701
futuristic,negative,1,humble,74,-0.04691694092911643,-1.2811711728572845,0.6124036833643913
futuristic,negative,2,anxious,78,0.05522483319808275,-1.7549122720956802,1.377393662929535
futuristic,negative,3,concise,62,0.06844197598195845,-0.7282155752182007,1.1076617240905762
futuristic,negative,4,stoic,72,0.07454502375589477,-1.440889149904251,0.9972394704818726
goofy,positive,1,entertaining,74,0.4281179292781933,-1.7047231197357178,2.639204740524292
goofy,positive,2,playful,74,0.30073760087425644,-1.9909725189208984,2.9980658292770386
goofy,positive,3,spontaneous,76,0.18566736029951195,-2.2548110485076904,3.656763643026352
goofy,positive,4,anxious,78,0.06640454133351643,-1.2222158908843994,2.4581536054611206
goofy,negative,1,methodical,74,-0.6911278866432808,-3.1035518646240234,0.5875401496887207
goofy,negative,2,patient,78,-0.6679416115467365,-3.095239579677582,0.7037842273712158
goofy,negative,3,educational,76,-0.6344778286783319,-3.101641297340393,0.3384535312652588
goofy,negative,4,analytical,72,-0.622099498907725,-3.0866249799728394,4.034434914588928
grandiose,positive,1,narrative,76,1.4638551552044718,-0.293491005897522,4.27325838804245
grandiose,positive,2,inspirational,74,1.2668089858583502,-0.7010360658168793,4.001670837402344
grandiose,positive,3,big_picture,74,0.948787864801046,-0.5633918642997742,3.9414226412773132
grandiose,positive,4,verbose,72,0.9290198112527529,-0.2853584289550781,3.746337890625
grandiose,negative,1,practical,72,0.09762078275283177,-2.2522486746311188,1.51859450340271
grandiose,negative,2,concise,62,0.14776781730113492,-1.1017844080924988,2.74727600812912
grandiose,negative,3,factual,72,0.16510208944479624,-1.9409576654434204,1.2144838273525238
grandiose,negative,4,collaborative,74,0.18238040281308665,-0.9871556162834167,1.3929270803928375
gregarious,positive,1,entertaining,74,0.699164367608122,-0.17907297611236572,2.6670989990234375
gregarious,positive,2,inspirational,74,0.672442661346616,-0.3241766691207886,1.8260616064071655
gregarious,positive,3,humble,74,0.6502017519763998,-0.5166442394256592,1.9459023475646973
gregarious,positive,4,playful,74,0.5901607419993427,-0.4177025556564331,2.326522707939148
gregarious,negative,1,data_driven,72,-0.06397757596439785,-1.1038117408752441,0.6337506771087646
gregarious,negative,2,formal,74,-0.008043934767310685,-0.5790563821792603,0.8022964149713516
gregarious,negative,3,educational,76,-0.001145873414842706,-0.7481281757354736,0.8649271130561829
gregarious,negative,4,factual,72,0.004102751612663269,-0.782350093126297,1.4502275884151459
grounded,positive,1,practical,72,-0.23448109295633104,-2.850772976875305,1.5281052589416504
grounded,positive,2,concise,62,-0.23976557485518918,-2.381986141204834,1.6507961750030518
grounded,positive,3,spontaneous,76,-0.27555420681049947,-2.0630346536636353,1.7961583137512207
grounded,positive,4,problem_solving,74,-0.3034053364315549,-1.96049165725708,1.2906315326690674
grounded,negative,1,inspirational,74,-1.434310444303461,-3.9075772166252136,0.6193227767944336
grounded,negative,2,narrative,76,-1.3570488863869716,-4.340531766414642,1.1906481981277466
grounded,negative,3,verbose,72,-1.2838551580078073,-4.478019520640373,0.4332592487335205
grounded,negative,4,speculative,72,-1.1972718007034726,-3.0859075784683228,0.8018815517425537
hedonistic,positive,1,entertaining,74,0.5629566223234743,-0.43512654304504395,2.667685389518738
hedonistic,positive,2,playful,74,0.4514099987777504,-0.9098644852638245,2.5728891491889954
hedonistic,positive,3,spontaneous,76,0.266804343775699,-1.2477702498435974,2.6769635677337646
hedonistic,positive,4,casual,80,0.1765369951725006,-0.9109759330749512,2.0150776505470276
hedonistic,negative,1,analytical,72,-0.45201807536391747,-2.007156163454056,2.806650197133422
hedonistic,negative,2,educational,76,-0.3441212098849447,-1.3949880003929138,0.4652162790298462
hedonistic,negative,3,methodical,74,-0.3375329173899986,-1.482348084449768,1.6424312591552734
hedonistic,negative,4,factual,72,-0.3341790744000011,-1.5016554594039917,1.4379506409168243
historical,positive,1,narrative,76,0.33897771647101954,-1.0236505270004272,1.5769720077514648
historical,positive,2,pessimistic,72,0.31794313589731854,-1.8073902130126953,1.829228162765503
historical,positive,3,inspirational,74,0.27945946519439285,-0.975226640701294,1.4809685945510864
historical,positive,4,entertaining,74,0.2717706641635379,-0.7270727157592773,1.7337373495101929
historical,negative,1,factual,72,-0.17364736398061117,-1.313879132270813,0.796052098274231
historical,negative,2,grounded,74,-0.15186627974381317,-1.3685294389724731,0.6877646446228027
historical,negative,3,optimistic,74,-0.13325103150831685,-1.1448500454425812,0.89839768409729
historical,negative,4,patient,78,-0.1215436366888193,-1.7448816299438477,0.7936638593673706
hostile,positive,1,entertaining,74,0.22775058810775345,-2.0778675079345703,1.7522958517074585
hostile,positive,2,playful,74,0.0552992852958473,-1.6395785212516785,2.064174175262451
hostile,positive,3,spontaneous,76,0.018418536374443455,-1.711105465888977,3.0279120802879333
hostile,positive,4,casual,80,-0.08539324626326561,-1.5704858303070068,1.3409972786903381
hostile,negative,1,patient,78,-0.6825316502497747,-3.024219274520874,0.4024677276611328
hostile,negative,2,optimistic,74,-0.5699471654118718,-2.069417715072632,0.6589598655700684
hostile,negative,3,verbose,72,-0.5610001385211945,-2.791261851787567,0.48397088050842285
hostile,negative,4,methodical,74,-0.5552855488416311,-2.8652154207229614,0.6429767608642578
humble,positive,1,anxious,78,0.15615647114240205,-0.9492092132568359,1.1815537214279175
humble,positive,2,humble,74,0.1525673270225525,-0.5991312861442566,1.4097082763910294
humble,positive,3,cautious,76,0.1284318707491222,-0.7171602845191956,1.2467478811740875
humble,positive,4,concise,62,0.10772461564310136,-0.9363398849964142,0.9108786880970001
humble,negative,1,narrative,76,-0.5007752944764338,-1.7363296747207642,0.5116572976112366
humble,negative,2,methodical,74,-0.46433956961374023,-1.3714982271194458,0.19850319623947144
humble,negative,3,educational,76,-0.46094652971154765,-1.1411617994308472,0.42747244238853455
humble,negative,4,verbose,72,-0.4304601699113846,-1.5644612610340118,0.3530917465686798
iconoclastic,positive,1,narrative,76,0.6152408268106612,-0.9944097995758057,2.0846477150917053
iconoclastic,positive,2,entertaining,74,0.5766941844611555,-0.581373542547226,2.591112971305847
iconoclastic,positive,3,pessimistic,72,0.5577636203832097,-0.23890426754951477,2.084210753440857
iconoclastic,positive,4,speculative,72,0.49634509368075264,-0.7741760611534119,2.211167871952057
iconoclastic,negative,1,optimistic,74,-0.013881269338968638,-0.8715785890817642,1.2074173390865326
iconoclastic,negative,2,data_driven,72,0.011241829643646875,-1.1435176134109497,1.0612696409225464
iconoclastic,negative,3,patient,78,0.024335418756191548,-1.6748975664377213,1.126228004693985
iconoclastic,negative,4,stoic,72,0.03146610202060805,-0.9266884624958038,1.0804376602172852
idealistic,positive,1,inspirational,74,0.758018466870527,-0.4205862879753113,2.495508134365082
idealistic,positive,2,narrative,76,0.6111316641694621,-0.2776985168457031,1.7388101518154144
idealistic,positive,3,verbose,72,0.47001408971846104,-0.2748473435640335,2.2130878567695618
idealistic,positive,4,big_picture,74,0.4289291402375376,-0.4640803560614586,1.6558971405029297
idealistic,negative,1,concise,62,-0.06159487510881116,-0.7667817920446396,0.9381147921085358
idealistic,negative,2,problem_solving,74,-0.054198890521719646,-1.0074319541454315,1.1308147311210632
idealistic,negative,3,practical,72,-0.04570915984610716,-1.3254403546452522,0.8942171335220337
idealistic,negative,4,data_driven,72,-0.020081253825790353,-0.9826650023460388,0.8979110717773438
impatient,positive,1,entertaining,74,0.29007238391283396,-1.4860039353370667,1.8612342178821564
impatient,positive,2,spontaneous,76,0.21820524413334697,-1.316812813282013,2.0123029947280884
impatient,positive,3,playful,74,0.1680548948210639,-1.1197807788848877,1.2007399797439575
impatient,positive,4,casual,80,0.06523318290710449,-1.5478118062019348,1.6596889793872833
impatient,negative,1,methodical,74,-0.5258033340041702,-2.510486364364624,0.5497562885284424
impatient,negative,2,verbose,72,-0.4863397777080536,-2.496192127466202,0.3129688501358032
impatient,negative,3,educational,76,-0.4529104295529817,-2.109566807746887,0.261554479598999
impatient,negative,4,formal,74,-0.4363432663518029,-1.7607778310775757,0.7289948463439941
impulsive,positive,1,entertaining,74,0.015589562622276513,-2.86273193359375,1.90678071975708
impulsive,positive,2,playful,74,0.013023292696153795,-2.6937359273433685,2.024242401123047
impulsive,positive,3,spontaneous,76,-0.025740515244634526,-2.8722862005233765,2.509293794631958
impulsive,positive,4,adaptable,74,-0.2549914669346165,-2.963548421859741,1.7138714790344238
impulsive,negative,1,methodical,74,-1.0779896823538315,-4.050907850265503,0.39389944076538086
impulsive,negative,2,analytical,72,-1.0429510809481144,-4.821657836437225,5.056929707527161
impulsive,negative,3,verbose,72,-1.02694637576739,-4.928505063056946,0.45258545875549316
impulsive,negative,4,educational,76,-0.9475885174776378,-3.670923948287964,0.4302048683166504
innovative,positive,1,inspirational,74,0.727646874817642,-0.4540081024169922,2.530460387468338
innovative,positive,2,verbose,72,0.6834704166071283,-0.11596661806106567,2.3607952892780304
innovative,positive,3,big_picture,74,0.6009808951938475,-0.1307392120361328,1.9265287220478058
innovative,positive,4,narrative,76,0.5955111229498136,-0.5647679418325424,2.0219982862472534
innovative,negative,1,concise,62,0.10684525630166454,-0.9481744766235352,0.9465593099594116
innovative,negative,2,humble,74,0.12957076003422607,-0.9509148895740509,0.9715096950531006
innovative,negative,3,stoic,72,0.13927892761098015,-1.1512944400310516,0.9065824300050735
innovative,negative,4,anxious,78,0.16200081278116274,-1.9244347214698792,1.9115434288978577
inquisitive,positive,1,spontaneous,76,0.2065555578783939,-1.5667043626308441,1.4096803069114685
inquisitive,positive,2,entertaining,74,0.1507311523766131,-2.122357100248337,1.620006263256073
inquisitive,positive,3,playful,74,0.11855476248908688,-1.1186756789684296,1.2060449421405792
inquisitive,positive,4,pessimistic,72,0.09922042985757192,-1.6295839846134186,2.2412662506103516
inquisitive,negative,1,educational,76,-0.5486727760810601,-2.577331781387329,0.7279574871063232
inquisitive,negative,2,methodical,74,-0.5266990101820713,-2.5732066333293915,0.4919567108154297
inquisitive,negative,3,analytical,72,-0.5011050417605374,-2.585448384284973,3.214848041534424
inquisitive,negative,4,data_driven,72,-0.4527912922203541,-1.7631416618824005,0.7677098512649536
inspirational,positive,1,inspirational,74,0.9306885068481033,-0.009805917739868164,3.113824486732483
inspirational,positive,2,verbose,72,0.7531514167785645,-0.36191272735595703,3.6912620067596436
inspirational,positive,3,optimistic,74,0.7316806928531544,-0.25643253326416016,2.6718374490737915
inspirational,positive,4,patient,78,0.726271187265714,-0.3696882724761963,3.323227882385254
inspirational,negative,1,entertaining,74,0.0668774150513314,-0.8632888793945312,1.9795531034469604
inspirational,negative,2,spontaneous,76,0.0729266483532755,-1.7822216749191284,1.6650421023368835
inspirational,negative,3,playful,74,0.1844117891144108,-1.2013729810714722,1.8346874415874481
inspirational,negative,4,concise,62,0.18920062001674406,-1.310130089521408,2.0352735221385956
introspective,positive,1,verbose,72,1.5496189610825644,0.005980014801025391,5.763579785823822
introspective,positive,2,narrative,76,1.4279945139822208,-0.6382598876953125,4.994204491376877
introspective,positive,3,formal,74,1.3937129688424033,-0.43001794815063477,5.462133839726448
introspective,positive,4,curious,74,1.3908902140888009,-0.3361997604370117,4.410155206918716
introspective,negative,1,concise,62,0.5038637345837008,-2.2489947080612183,3.9800853729248047
introspective,negative,2,anxious,78,0.5677905299533637,-4.613579381257296,2.9353004693984985
introspective,negative,3,spontaneous,76,0.5812382321608695,-1.7072070240974426,3.698443353176117
introspective,negative,4,proactive,74,0.6439618869005023,-1.168998897075653,4.594695024192333
introverted,positive,1,verbose,72,0.9951921825607618,0.05071687698364258,4.066933304071426
introverted,positive,2,educational,76,0.9234549630629388,-0.17556142807006836,3.20668825507164
introverted,positive,3,methodical,74,0.9111447048348349,-0.34645509719848633,3.06110979616642
introverted,positive,4,analytical,72,0.9051031892498335,-3.2689716517925262,3.2193652391433716
introverted,negative,1,entertaining,74,-0.30146618308247747,-2.741771161556244,2.2301287055015564
introverted,negative,2,playful,74,-0.18456608701396632,-2.528527855873108,1.6934562921524048
introverted,negative,3,spontaneous,76,-0.1209466582850406,-2.7686679363250732,2.02608060836792
introverted,negative,4,casual,80,-0.03368289619684219,-1.2788777351379395,2.41749769449234
ironic,positive,1,entertaining,74,0.5085016521247657,-1.6906383037567139,2.35559618473053
ironic,positive,2,playful,74,0.3785542378554473,-1.6501245498657227,2.9538021087646484
ironic,positive,3,spontaneous,76,0.253938764333725,-1.9686739444732666,3.509482204914093
ironic,positive,4,anxious,78,0.12175934742658566,-1.1059887409210205,2.1617921590805054
ironic,negative,1,patient,78,-0.556158259893075,-2.7223839163780212,0.6305851936340332
ironic,negative,2,methodical,74,-0.5251643238840876,-2.692614793777466,0.8365888595581055
ironic,negative,3,analytical,72,-0.5097120818164613,-2.7084431052207947,3.882140874862671
ironic,negative,4,factual,72,-0.503182503912184,-2.4814558029174805,0.8430359363555908
irreverent,positive,1,entertaining,74,0.413689635895394,-1.9844036102294922,2.472139835357666
irreverent,positive,2,playful,74,0.2743934272108851,-2.2993717193603516,2.9909311532974243
irreverent,positive,3,spontaneous,76,0.20133573914829053,-2.51814341545105,3.8244668841362
irreverent,positive,4,anxious,78,0.013925619614429964,-1.3273239135742188,2.6222870349884033
irreverent,negative,1,methodical,74,-0.7972772040882626,-3.5378618836402893,0.7628326416015625
irreverent,negative,2,patient,78,-0.7574964960416158,-3.4828242659568787,0.42056894302368164
irreverent,negative,3,verbose,72,-0.7493138048383925,-4.098501682281494,0.3745913505554199
irreverent,negative,4,analytical,72,-0.7280346850554148,-3.4707387685775757,4.33719277381897
judgmental,positive,1,entertaining,74,0.26970887103596247,-1.414955973625183,1.7743850946426392
judgmental,positive,2,narrative,76,0.21356581543621264,-1.2223378419876099,2.0236709117889404
judgmental,positive,3,playful,74,0.10108816663961152,-1.61544369161129,1.7756681442260742
judgmental,positive,4,confident,74,0.06129949640583347,-0.8836467266082764,1.2295222878456116
judgmental,negative,1,patient,78,-0.4564956594736148,-2.5219072699546814,0.33835291862487793
judgmental,negative,2,optimistic,74,-0.41881925673098175,-1.861099123954773,0.5514049530029297
judgmental,negative,3,collaborative,74,-0.37748088868888646,-1.656176745891571,0.5311849117279053
judgmental,negative,4,calm,76,-0.32956463882797643,-1.8103927969932556,1.031982421875
libertarian,positive,1,playful,74,0.12138682926023328,-1.731164664030075,1.1560101509094238
libertarian,positive,2,spontaneous,76,0.11570271849632263,-2.297984302043915,2.0247653126716614
libertarian,positive,3,pessimistic,72,0.08235428151157168,-2.2986894249916077,2.361189842224121
libertarian,positive,4,anxious,78,0.013784182377350636,-1.702218621969223,1.9922997951507568
libertarian,negative,1,methodical,74,-0.8807641932287732,-5.143062472343445,0.6495740413665771
libertarian,negative,2,analytical,72,-0.7313724400268661,-4.590794801712036,5.590611934661865
libertarian,negative,3,educational,76,-0.715479250801237,-3.2629723250865936,1.1522610187530518
libertarian,negative,4,data_driven,72,-0.6962167032890849,-2.7800556123256683,0.6543583869934082
literal,positive,1,concise,62,-0.3452678493434383,-2.647352874279022,1.8535988330841064
literal,positive,2,spontaneous,76,-0.34800856776143374,-2.344651222229004,1.5507922768592834
literal,positive,3,confident,74,-0.3629755152238382,-2.4689540714025497,2.501335024833679
literal,positive,4,adaptable,74,-0.3862449824810028,-2.725986748933792,0.8329145908355713
literal,negative,1,narrative,76,-0.9906759030724827,-3.2624337673187256,0.1718597412109375
literal,negative,2,inspirational,74,-0.9449656150631003,-3.2604141235351562,0.11694741249084473
literal,negative,3,verbose,72,-0.9173913829856448,-3.9324265718460083,0.46671009063720703
literal,negative,4,curious,74,-0.8538767852493234,-3.1034733057022095,0.6112709045410156
manic,positive,1,entertaining,74,0.4521489771636757,-1.142807960510254,2.5138884782791138
manic,positive,2,playful,74,0.2780707849038614,-1.5518463850021362,2.7994903326034546
manic,positive,3,spontaneous,76,0.17974422401503512,-1.7917461395263672,3.0065148770809174
manic,positive,4,narrative,76,0.09121772176341007,-1.7806541919708252,1.9670528173446655
manic,negative,1,analytical,72,-0.5172737323575549,-2.3623971939086914,3.0927587151527405
manic,negative,2,patient,78,-0.4933458536099165,-2.3982419967651367,0.9563524723052979
manic,negative,3,methodical,74,-0.47474819260674556,-2.3160165548324585,0.9190278053283691
manic,negative,4,factual,72,-0.4432746072610219,-2.1475318670272827,0.6367077827453613
materialist,positive,1,data_driven,72,0.10376159639822112,-1.538983628153801,1.4382180273532867
materialist,positive,2,problem_solving,74,-0.019096263357110926,-2.2662885189056396,1.2939958572387695
materialist,positive,3,practical,72,-0.08695364329550001,-2.018187701702118,1.430605411529541
materialist,positive,4,factual,72,-0.0975735303428438,-1.7394312620162964,1.6337562799453735
materialist,negative,1,inspirational,74,-1.0670599035314612,-3.1658483743667603,0.25978028774261475
materialist,negative,2,narrative,76,-0.9568247889217577,-3.278364837169647,0.8582186698913574
materialist,negative,3,pessimistic,72,-0.7846701360411115,-3.2995347380638123,0.9539928436279297
materialist,negative,4,big_picture,74,-0.7394040718271926,-3.5641276240348816,0.8682606220245361
meditative,positive,1,inspirational,74,1.0725016404648084,0.08681440353393555,3.2507037818431854
meditative,positive,2,narrative,76,1.0170153600016707,-0.5951144695281982,3.0348044112324715
meditative,positive,3,speculative,72,0.7207356024947431,-0.4717240333557129,3.421383924782276
meditative,positive,4,verbose,72,0.7036754795246654,-0.6279981136322021,2.801875591278076
meditative,negative,1,problem_solving,74,0.011071207555564674,-0.9269514083862305,2.059371203184128
meditative,negative,2,practical,72,0.02506029357512792,-1.1859831809997559,1.1343266367912292
meditative,negative,3,data_driven,72,0.035271709163983665,-0.847103476524353,1.129209578037262
meditative,negative,4,strategic,72,0.04838436386651463,-1.5689244866371155,0.9287705421447754
melancholic,positive,1,narrative,76,0.5409725528014334,-1.5172234177589417,2.9290072917938232
melancholic,positive,2,pessimistic,72,0.3656877742873298,-0.7275261878967285,1.7705446481704712
melancholic,positive,3,entertaining,74,0.32146922800991984,-0.7302732765674591,3.4877748489379883
melancholic,positive,4,speculative,72,0.22460755871401894,-1.2110331058502197,2.3031071424484253
melancholic,negative,1,optimistic,74,-0.3047565745340811,-1.2365976572036743,1.0819624066352844
melancholic,negative,2,patient,78,-0.25341914632381535,-3.421387553215027,1.1488773822784424
melancholic,negative,3,collaborative,74,-0.25217472218178416,-1.1722625494003296,1.0663456320762634
melancholic,negative,4,data_driven,72,-0.20763442003064686,-1.0566880106925964,0.6297525763511658
melodramatic,positive,1,narrative,76,1.1046199978966462,-0.6797854900360107,4.009724855422974
melodramatic,positive,2,inspirational,74,0.88758784532547,-0.23433279991149902,3.153691291809082
melodramatic,positive,3,entertaining,74,0.6083595527184976,-0.5946103930473328,3.8519535064697266
melodramatic,positive,4,big_picture,74,0.5662482848038545,-0.35954099893569946,2.9004534482955933
melodramatic,negative,1,collaborative,74,-0.07003642417289116,-0.8763473033905029,0.7799122333526611
melodramatic,negative,2,patient,78,-0.0645944193387643,-3.2909215688705444,1.5554490387439728
melodramatic,negative,3,factual,72,-0.060803193185064525,-1.6173047423362732,0.7780215740203857
melodramatic,negative,4,grounded,74,-0.03427909677093093,-1.2385159134864807,3.2326098680496216
mercurial,positive,1,entertaining,74,0.6669570956681226,-1.0135498046875,2.666662096977234
mercurial,positive,2,playful,74,0.4903699530137552,-1.281235694885254,2.8548075556755066
mercurial,positive,3,spontaneous,76,0.41938769033080653,-1.2095774412155151,3.438845157623291
mercurial,positive,4,pessimistic,72,0.32499228252304924,-1.4382824897766113,2.251675009727478
mercurial,negative,1,analytical,72,-0.4620031045956744,-2.5445266366004944,3.3993005380034447
mercurial,negative,2,methodical,74,-0.4507656806224101,-2.1944611072540283,1.3903419971466064
mercurial,negative,3,data_driven,72,-0.4137338383330239,-1.8878965377807617,1.1068263053894043
mercurial,negative,4,factual,72,-0.38836223052607644,-1.7155624628067017,0.9190843105316162
metaphorical,positive,1,narrative,76,1.5524576988659406,-0.22788012027740479,4.199017703533173
metaphorical,positive,2,inspirational,74,1.4111131268578607,0.009274154901504517,3.54653000831604
metaphorical,positive,3,big_picture,74,1.0614688251469586,-0.16969090700149536,3.685222625732422
metaphorical,positive,4,speculative,72,0.9570215091937118,-0.41802114248275757,3.3786545395851135
metaphorical,negative,1,data_driven,72,0.14841621534691918,-1.3073443472385406,1.5316407978534698
metaphorical,negative,2,practical,72,0.2137153653634919,-1.5218095779418945,1.246838927268982
metaphorical,negative,3,factual,72,0.21788472682237625,-1.018161118030548,1.0616524368524551
metaphorical,negative,4,concise,62,0.28496853670766276,-1.1904339790344238,2.1580901443958282
militant,positive,1,entertaining,74,0.24466703066954743,-1.619388461112976,2.0171144902706146
militant,positive,2,playful,74,0.1418741651483484,-1.4568226337432861,1.8644016981124878
militant,positive,3,narrative,76,0.10714709758758545,-1.6254494190216064,1.942296326160431
militant,positive,4,spontaneous,76,0.07676718972231213,-1.2316484451293945,2.267642319202423
militant,negative,1,patient,78,-0.500647946810111,-2.281000405550003,0.5456044673919678
militant,negative,2,optimistic,74,-0.4288716686738504,-1.4053926467895508,0.6773355007171631
militant,negative,3,methodical,74,-0.4164711607469095,-1.6705200672149658,1.2175555229187012
militant,negative,4,collaborative,74,-0.4095185540012411,-2.0150392055511475,0.44936680793762207
misanthropic,positive,1,entertaining,74,0.48243548902305394,-1.3307437896728516,2.6917079091072083
misanthropic,positive,2,narrative,76,0.3313312114853608,-1.1732045412063599,2.4053981602191925
misanthropic,positive,3,pessimistic,72,0.28844558116462493,-1.4216603636741638,1.872879981994629
misanthropic,positive,4,playful,74,0.25533209700842163,-2.1504290103912354,2.2343278229236603
misanthropic,negative,1,patient,78,-0.4010720635071779,-3.16378390789032,0.7611930966377258
misanthropic,negative,2,data_driven,72,-0.3553965621524387,-1.3196104764938354,0.9749590158462524
misanthropic,negative,3,analytical,72,-0.34961506062083775,-1.496665894985199,2.280500888824463
misanthropic,negative,4,optimistic,74,-0.3414207817734899,-1.1118837594985962,0.8742505311965942
mischievous,positive,1,entertaining,74,0.6702597866187224,-0.5683801174163818,2.833076059818268
mischievous,positive,2,playful,74,0.5394340834102115,-1.1039392948150635,2.8356605768203735
mischievous,positive,3,narrative,76,0.3834477647354728,-1.0703730583190918,1.7523711919784546
mischievous,positive,4,inspirational,74,0.2724518969252303,-1.0195181369781494,1.651576280593872
mischievous,negative,1,patient,78,-0.2911383310953776,-2.167463958263397,0.6393560171127319
mischievous,negative,2,factual,72,-0.1948675447040134,-1.3632277250289917,1.0045957565307617
mischievous,negative,3,collaborative,74,-0.16078973621935458,-1.4957832098007202,0.9924273490905762
mischievous,negative,4,calm,76,-0.12788279746708117,-1.3785942792892456,2.0780162811279297
moderate,positive,1,methodical,74,0.8415485684936111,-1.1365280151367188,3.3407304286956787
moderate,positive,2,patient,78,0.80750849766609,-0.43538475036621094,3.3850848376750946
moderate,positive,3,analytical,72,0.7964941130744086,-4.334024548530579,3.550860047340393
moderate,positive,4,educational,76,0.7355411115445589,-0.7705976963043213,3.1867899894714355
moderate,negative,1,entertaining,74,-0.16054156664255503,-2.0208547115325928,2.4924240112304688
moderate,negative,2,playful,74,-0.07267864652582116,-1.845118761062622,2.045942395925522
moderate,negative,3,spontaneous,76,-0.04830174069655569,-2.8103979229927063,2.1802096366882324
moderate,negative,4,anxious,78,0.013432385065616706,-1.690752923488617,2.070383071899414
mystical,positive,1,narrative,76,1.2620033621788025,-0.37886741757392883,3.526849091053009
mystical,positive,2,inspirational,74,1.2572259947254851,0.05597248673439026,4.037347421050072
mystical,positive,3,big_picture,74,0.803487815566965,-0.32220497727394104,2.800649419426918
mystical,positive,4,pessimistic,72,0.7326202802360058,-0.36007195711135864,2.401204764842987
mystical,negative,1,data_driven,72,-0.14370056655671862,-1.5146413296461105,0.9274978041648865
mystical,negative,2,factual,72,-0.03432880176438226,-1.437433511018753,0.9958491921424866
mystical,negative,3,practical,72,0.010120798316266801,-1.392060101032257,1.315805733203888
mystical,negative,4,problem_solving,74,0.06095744588890591,-1.082917958498001,2.1132755130529404
naive,positive,1,playful,74,0.04901998751872295,-1.169768363237381,1.7435840368270874
naive,positive,2,spontaneous,76,0.026929427918634917,-1.7941818237304688,1.1617639064788818
naive,positive,3,entertaining,74,-0.053959031765525405,-1.5942392200231552,1.4390753507614136
naive,positive,4,anxious,78,-0.11476633487603603,-1.58063206076622,1.8667267560958862
naive,negative,1,analytical,72,-0.8263196990721755,-2.6495127081871033,2.6748556047677994
naive,negative,2,educational,76,-0.7576283526263738,-2.0986633896827698,0.2978858947753906
naive,negative,3,methodical,74,-0.7522856367600931,-2.4206455647945404,0.1263720989227295
naive,negative,4,formal,74,-0.6869532365251232,-2.15899321436882,0.2764410972595215
narrative,positive,1,narrative,76,1.0172475121523206,-0.2914581894874573,3.2725221514701843
narrative,positive,2,inspirational,74,0.8927009814494365,-0.33566489815711975,2.293761193752289
narrative,positive,3,entertaining,74,0.8299617521666192,-0.2757367789745331,2.9085766673088074
narrative,positive,4,pessimistic,72,0.7169810955723127,-0.5829324424266815,2.10950767993927
narrative,negative,1,data_driven,72,-0.11102974621786012,-1.7245746850967407,1.0812318921089172
narrative,negative,2,factual,72,0.0007895384397771624,-1.0609076023101807,0.8598495423793793
narrative,negative,3,analytical,72,0.08009784668684006,-1.4685956239700317,1.2760365307331085
narrative,negative,4,practical,72,0.09770113829937246,-0.7530468702316284,1.1261519193649292
neurotic,positive,1,entertaining,74,0.23617885402730993,-1.490268588066101,1.542121171951294
neurotic,positive,2,spontaneous,76,0.11438274383544922,-1.6012392044067383,2.911694347858429
neurotic,positive,3,playful,74,0.06897984888102557,-1.6049093008041382,2.3240471482276917
neurotic,positive,4,anxious,78,0.053354701170554526,-1.465569019317627,2.218222886323929
neurotic,negative,1,methodical,74,-0.6395601388570424,-2.333061099052429,0.6818680763244629
neurotic,negative,2,patient,78,-0.5917214094064175,-2.5634990334510803,0.7038037776947021
neurotic,negative,3,analytical,72,-0.5908676518334283,-2.330174207687378,2.5897324681282043
neurotic,negative,4,verbose,72,-0.5890042583147684,-2.9032481908798218,0.3850889205932617
nihilistic,positive,1,narrative,76,0.5148779618504801,-0.9448111653327942,2.2778406739234924
nihilistic,positive,2,pessimistic,72,0.4102268229342169,-1.244370937347412,1.991515040397644
nihilistic,positive,3,entertaining,74,0.39203754550701864,-0.9357492327690125,3.2643014192581177
nihilistic,positive,4,speculative,72,0.280438554369741,-1.1126019656658173,1.9096792936325073
nihilistic,negative,1,patient,78,-0.2439611154871109,-2.8645274937152863,0.9764291644096375
nihilistic,negative,2,optimistic,74,-0.22742048268382614,-1.1180571466684341,1.385469675064087
nihilistic,negative,3,collaborative,74,-0.2263973153926231,-1.6695710718631744,1.1998008042573929
nihilistic,negative,4,problem_solving,74,-0.17138286559162913,-1.362222969532013,1.3322383165359497
nonchalant,positive,1,entertaining,74,0.2153946829808725,-1.8808093070983887,1.8544173836708069
nonchalant,positive,2,playful,74,0.11874637732634673,-1.9072985649108887,1.9622242450714111
nonchalant,positive,3,spontaneous,76,0.1051299799429743,-2.020119547843933,2.7897043228149414
nonchalant,positive,4,casual,80,-0.04202005565166474,-1.8835113048553467,0.9543150663375854
nonchalant,negative,1,methodical,74,-0.8457390972085901,-2.803501844406128,0.7482552528381348
nonchalant,negative,2,analytical,72,-0.8271726456781229,-3.2011285424232483,3.396475002169609
nonchalant,negative,3,verbose,72,-0.8236528713670042,-3.8672947138547897,0.46763157844543457
nonchalant,negative,4,educational,76,-0.788898838193793,-3.119374096393585,0.46993041038513184
nostalgic,positive,1,narrative,76,0.47420129728944677,-0.86006760597229,2.125223755836487
nostalgic,positive,2,entertaining,74,0.3984553201778515,-0.5492503643035889,1.4810470640659332
nostalgic,positive,3,pessimistic,72,0.3094914174742169,-0.874982476234436,1.2325418889522552
nostalgic,positive,4,inspirational,74,0.27677908861959305,-0.8704231977462769,1.617871105670929
nostalgic,negative,1,analytical,72,-0.21573548681206173,-1.124584674835205,1.4858722686767578
nostalgic,negative,2,data_driven,72,-0.18662743601534101,-1.2219136953353882,0.7584973573684692
nostalgic,negative,3,problem_solving,74,-0.18247393901283676,-1.4224172830581665,1.2717636823654175
nostalgic,negative,4,factual,72,-0.17354946004019844,-0.8803497552871704,0.7030386924743652
nurturing,positive,1,inspirational,74,0.8414119707571494,-0.1488800048828125,3.0067460536956787
nurturing,positive,2,optimistic,74,0.7270929672428079,-0.16414403915405273,2.8130383491516113
nurturing,positive,3,verbose,72,0.7263978972203202,-0.4428293704986572,3.2513617277145386
nurturing,positive,4,patient,78,0.7044764973032169,-0.3456512689590454,3.2709313556551933
nurturing,negative,1,spontaneous,76,0.2015120167481272,-1.4457275867462158,1.6710821762681007
nurturing,negative,2,entertaining,74,0.20664931310189738,-0.5424129962921143,2.2668750286102295
nurturing,negative,3,confident,74,0.22053042456910416,-2.128291964530945,1.5871084928512573
nurturing,negative,4,strategic,72,0.24327697108189264,-2.5999516546726227,1.9344702363014221
optimistic,positive,1,optimistic,74,0.5739197485350274,-0.16030454635620117,2.484575465321541
optimistic,positive,2,inspirational,74,0.5265834162364135,-0.7798843383789062,2.3463030457496643
optimistic,positive,3,inclusive,74,0.38472735760985194,-0.2716153860092163,1.6337133944034576
optimistic,positive,4,verbose,72,0.38274118759565884,-0.5584986805915833,1.8072907626628876
optimistic,negative,1,pessimistic,72,-0.14704926187793413,-1.2731649577617645,0.7628820538520813
optimistic,negative,2,anxious,78,-0.13782428969175387,-1.7229468822479248,1.5286918878555298
optimistic,negative,3,entertaining,74,-0.10993260507648056,-1.3883774876594543,0.9365224242210388
optimistic,negative,4,spontaneous,76,-0.058704367593715064,-2.016651138663292,1.2057904303073883
pacifist,positive,1,pessimistic,72,0.3168303130401505,-0.5268681347370148,1.2341907620429993
pacifist,positive,2,inspirational,74,0.28872113976929636,-1.0902411043643951,1.000281572341919
pacifist,positive,3,empathetic,76,0.26434269978811864,-0.8254714757204056,1.123425930738449
pacifist,positive,4,playful,74,0.22182278496188088,-0.4101143032312393,0.8513174951076508
pacifist,negative,1,data_driven,72,-0.26809719163510537,-1.161928966641426,0.7460150718688965
pacifist,negative,2,methodical,74,-0.2228100771034086,-2.3961652517318726,0.6752350330352783
pacifist,negative,3,analytical,72,-0.21838388053907287,-2.06503963470459,2.434668183326721
pacifist,negative,4,educational,76,-0.20223588927796013,-1.016124114394188,0.6452118158340454
paranoid,positive,1,entertaining,74,0.5520840214716422,-1.0266717672348022,2.85824778676033
paranoid,positive,2,pessimistic,72,0.3182179104122851,-1.2542072534561157,1.9724158644676208
paranoid,positive,3,playful,74,0.31173422127156647,-1.2684831321239471,2.274514615535736
paranoid,positive,4,spontaneous,76,0.2838114947080612,-1.0504987239837646,2.770415723323822
paranoid,negative,1,data_driven,72,-0.5035244590706296,-1.7767693400382996,1.033315658569336
paranoid,negative,2,analytical,72,-0.4784943411747615,-1.9652684926986694,2.668722629547119
paranoid,negative,3,methodical,74,-0.46723445283400045,-1.8760675191879272,0.9973245859146118
paranoid,negative,4,factual,72,-0.42341210030847126,-1.5176502466201782,0.5622254610061646
passionate,positive,1,narrative,76,0.9167670333071759,-0.5411202907562256,3.1582690477371216
passionate,positive,2,inspirational,74,0.8362237392245112,-0.21787142753601074,2.7606135606765747
passionate,positive,3,entertaining,74,0.6663985783989365,-0.39070385694503784,3.264756917953491
passionate,positive,4,playful,74,0.5425585170049925,-1.5671507716178894,2.490730345249176
passionate,negative,1,data_driven,72,-0.19590619537565443,-1.617708683013916,1.112354040145874
passionate,negative,2,factual,72,-0.1354924531446563,-1.2619216442108154,1.0484831631183624
passionate,negative,3,analytical,72,-0.07468950582875146,-1.4898444712162018,1.5670008659362793
passionate,negative,4,methodical,74,-0.032159140786609135,-0.9771870374679565,1.3434357643127441
passive_aggressive,positive,1,entertaining,74,0.4878457253043716,-1.0190348625183105,2.0870885848999023
passive_aggressive,positive,2,playful,74,0.4107191232410637,-1.0831308364868164,1.8354219496250153
passive_aggressive,positive,3,spontaneous,76,0.27757132837646886,-1.4190260171890259,2.211359202861786
passive_aggressive,positive,4,pessimistic,72,0.16199048194620344,-2.103907585144043,1.4977753162384033
passive_aggressive,negative,1,factual,72,-0.36471163895395065,-1.8714531660079956,0.46209144592285156
passive_aggressive,negative,2,analytical,72,-0.3479035910632875,-1.8721849918365479,2.7871163487434387
passive_aggressive,negative,3,methodical,74,-0.34330456160210276,-2.0399045944213867,0.8078148365020752
passive_aggressive,negative,4,patient,78,-0.3260923180824671,-1.9230108261108398,0.591284990310669
patient,positive,1,optimistic,74,0.08777912806820225,-0.9014154076576233,1.2368664741516113
patient,positive,2,concise,62,0.06981402443301293,-0.7127198874950409,0.6693952083587646
patient,positive,3,collaborative,74,0.05181501926602544,-0.7808256149291992,0.8112766742706299
patient,positive,4,empathetic,76,0.0158312610889736,-0.770317792892456,0.9216458201408386
patient,negative,1,narrative,76,-0.31645792134498296,-1.623870074748993,0.5021629333496094
patient,negative,2,entertaining,74,-0.2577336994377342,-1.7751753330230713,0.44959965348243713
patient,negative,3,educational,76,-0.2529236933118419,-1.5005032420158386,0.3457995653152466
patient,negative,4,confident,74,-0.23380803618882154,-0.97071772813797,0.6453126072883606
pedantic,positive,1,verbose,72,0.6471087637150453,-0.2267622947692871,1.16780623793602
pedantic,positive,2,formal,74,0.6157880989280907,-0.07186468690633774,1.4938127398490906
pedantic,positive,3,educational,76,0.5743457143636126,-0.02103888988494873,1.5064926743507385
pedantic,positive,4,data_driven,72,0.5694174422985978,-0.2537097930908203,1.4369145035743713
pedantic,negative,1,humble,74,-0.17943891903033127,-1.6728000044822693,0.7881125807762146
pedantic,negative,2,casual,80,-0.15519918017089368,-1.3149647116661072,0.6071346774697304
pedantic,negative,3,entertaining,74,-0.047495402093674685,-1.2048888206481934,0.9052666574716568
pedantic,negative,4,accessible,74,-0.026651021395180677,-1.950562834739685,1.4076170176267624
pessimistic,positive,1,pessimistic,72,0.286568284034729,-0.6044298708438873,1.3377219438552856
pessimistic,positive,2,anxious,78,0.1925664551747151,-1.3365423083305359,1.529057651758194
pessimistic,positive,3,entertaining,74,0.18687623779515963,-0.6409228444099426,1.4482859373092651
pessimistic,positive,4,narrative,76,0.10926477003254388,-1.4245296120643616,1.083546906709671
pessimistic,negative,1,optimistic,74,-0.4002950441192936,-1.8467977643013,0.6290990263223648
pessimistic,negative,2,data_driven,72,-0.2741113706595368,-1.4016991257667542,0.8572055995464325
pessimistic,negative,3,inspirational,74,-0.26273656535792994,-1.6726195812225342,1.084363043308258
pessimistic,negative,4,inclusive,74,-0.26226930199442683,-1.4600778818130493,0.5539811849594116
petty,positive,1,narrative,76,0.6103942194267323,-0.6978611946105957,2.433172047138214
petty,positive,2,inspirational,74,0.39149210420814723,-0.642122745513916,1.926492691040039
petty,positive,3,entertaining,74,0.31080177869345693,-0.4731348752975464,2.800738573074341
petty,positive,4,speculative,72,0.30666474170154995,-0.7087376117706299,1.7315773367881775
petty,negative,1,collaborative,74,-0.2044257360535699,-1.1387174129486084,0.5117850303649902
petty,negative,2,patient,78,-0.10946362599348411,-1.8627267479896545,0.8597791194915771
petty,negative,3,concise,62,-0.09353029487594482,-1.0727909207344055,0.7985561043024063
petty,negative,4,cautious,76,-0.08355845314891715,-1.6515882909297943,1.534629002213478
philosophical,positive,1,narrative,76,1.4098950589173718,-0.5526378452777863,4.441388487815857
philosophical,positive,2,inspirational,74,1.3378901436320834,-0.06285068392753601,4.007113575935364
philosophical,positive,3,speculative,72,1.1504393447604444,-0.14649200439453125,2.9705847054719925
philosophical,positive,4,verbose,72,1.1003630128171709,-1.2932732105255127,3.0050171315670013
philosophical,negative,1,concise,62,0.13150439255179897,-1.747698187828064,2.53011018037796
philosophical,negative,2,practical,72,0.23099215690874392,-1.821502923965454,2.289490833878517
philosophical,negative,3,collaborative,74,0.23774344896948016,-1.803446352481842,1.627384066581726
philosophical,negative,4,problem_solving,74,0.24609858180220062,-1.5496675968170166,1.7928154543042183
playful,positive,1,entertaining,74,0.8776819987876995,-0.10918188095092773,2.5986855924129486
playful,positive,2,playful,74,0.7305705418457856,-0.9309244155883789,2.6406503915786743
playful,positive,3,narrative,76,0.685723256907965,-0.38249313831329346,1.9212031364440918
playful,positive,4,inspirational,74,0.6165480291521227,-0.2753455340862274,1.813126266002655
playful,negative,1,data_driven,72,-0.07794269753826989,-1.8689279556274414,1.240795522928238
playful,negative,2,factual,72,0.018917265037695568,-0.6712257564067841,0.8676809668540955
playful,negative,3,stoic,72,0.05734016497929891,-1.0760295391082764,0.7963400483131409
playful,negative,4,traditional,70,0.0710848765713828,-1.1666618287563324,1.2759807109832764
pluralist,positive,1,inspirational,74,0.4022068006766809,-0.6197548508644104,1.9612098038196564
pluralist,positive,2,optimistic,74,0.3334017412082569,-0.3548395037651062,1.608498401939869
pluralist,positive,3,verbose,72,0.29366012248728013,-0.5157583132386208,1.1593040078878403
pluralist,positive,4,patient,78,0.2843502792410361,-0.3835818022489548,1.4814311414957047
pluralist,negative,1,entertaining,74,-0.12777059746755137,-0.9041230827569962,1.207098349928856
pluralist,negative,2,spontaneous,76,-0.11962661715714555,-1.6491690576076508,0.8745477497577667
pluralist,negative,3,confident,74,-0.07297564156957574,-1.039239376783371,0.7122443616390228
pluralist,negative,4,playful,74,0.0018364271602115117,-1.0226362347602844,1.2144544422626495
poetic,positive,1,narrative,76,1.1897395253181458,-0.2838711738586426,3.9841840267181396
poetic,positive,2,inspirational,74,1.0394006371498108,-0.01942431926727295,3.0357484817504883
poetic,positive,3,big_picture,74,0.6938642875568287,-0.09046471118927002,2.633732795715332
poetic,positive,4,entertaining,74,0.6501276025900969,-0.27607691287994385,3.5116710662841797
poetic,negative,1,factual,72,-0.02295140756501092,-1.1044849753379822,0.6971617937088013
poetic,negative,2,data_driven,72,-0.010161432955000136,-1.0909507274627686,1.0564848184585571
poetic,negative,3,practical,72,0.0546500219239129,-1.5917752981185913,0.6947697401046753
poetic,negative,4,patient,78,0.062446427650940724,-3.04805064201355,1.7313414216041565
problem_solving,positive,1,data_driven,72,0.4574592375299997,-1.05313178896904,1.8290637731552124
problem_solving,positive,2,analytical,72,0.4230119923336638,-0.4645339697599411,1.5524820983409882
problem_solving,positive,3,methodical,74,0.34171345890373794,-1.0639023184776306,1.3004117608070374
problem_solving,positive,4,educational,76,0.32848215730566727,-0.9270646274089813,1.764779508113861
problem_solving,negative,1,pessimistic,72,-0.37981198231379193,-1.6420582234859467,0.5948153138160706
problem_solving,negative,2,empathetic,76,-0.19949720839136525,-1.074477732181549,0.8014685809612274
problem_solving,negative,3,anxious,78,-0.12377135073527312,-1.0607072710990906,1.2894883751869202
problem_solving,negative,4,intuitive,72,-0.11873654565877384,-0.908609926700592,0.8172782212495804
progressive,positive,1,inspirational,74,0.23891867737512332,-0.4095715880393982,1.642625331878662
progressive,positive,2,narrative,76,0.11256254934950878,-0.7555415034294128,1.4167525172233582
progressive,positive,3,big_picture,74,0.06676459715173051,-0.38462021946907043,0.5927256345748901
progressive,positive,4,proactive,74,0.0653226641384331,-0.5792271792888641,1.4557649493217468
progressive,negative,1,collaborative,74,-0.16839250680562612,-1.3891571462154388,0.38443267345428467
progressive,negative,2,traditional,70,-0.15601734220981597,-0.9592600464820862,0.4014451950788498
progressive,negative,3,patient,78,-0.1544066193776253,-0.9140094220638275,0.3341541290283203
progressive,negative,4,cautious,76,-0.1445574634953549,-0.7830357551574707,1.04296413064003
provocative,positive,1,narrative,76,1.151964803079241,-0.8633297681808472,3.4917792677879333
provocative,positive,2,speculative,72,1.0760807496392064,-0.11329162120819092,2.5843227207660675
provocative,positive,3,inspirational,74,1.0381923632041827,-0.4645569324493408,2.9352142214775085
provocative,positive,4,pessimistic,72,1.0050350824991863,-0.20421838760375977,2.734242618083954
provocative,negative,1,concise,62,0.28014694010057756,-1.5177080035209656,1.9609696120023727
provocative,negative,2,practical,72,0.3487794695215093,-1.3201311826705933,2.4151475951075554
provocative,negative,3,data_driven,72,0.35841164944900405,-1.5411456823349,2.0963145196437836
provocative,negative,4,problem_solving,74,0.39447699829533295,-0.9178463220596313,1.711153231561184
qualitative,positive,1,inspirational,74,1.2720931220699,-0.07000589370727539,3.0627150535583496
qualitative,positive,2,narrative,76,1.213007584998482,-0.6961076259613037,3.6188660860061646
qualitative,positive,3,pessimistic,72,1.0372343849804666,-0.17056632041931152,4.0601005256175995
qualitative,positive,4,big_picture,74,0.9669255332366841,-0.7926206588745117,4.453733891248703
qualitative,negative,1,data_driven,72,-0.11338948541217381,-2.2056549787521362,2.157707929611206
qualitative,negative,2,problem_solving,74,0.15927543833449082,-1.2520010471343994,2.4181888103485107
qualitative,negative,3,practical,72,0.16948977443906996,-1.5807952880859375,2.1871416568756104
qualitative,negative,4,strategic,72,0.21214230524169075,-3.2793596982955933,1.6951820850372314
quantitative,positive,1,data_driven,72,0.23072492745187548,-1.7923591136932373,2.266047716140747
quantitative,positive,2,problem_solving,74,-0.078950817520554,-1.852715015411377,1.1009862422943115
quantitative,positive,3,practical,72,-0.08012403713332282,-2.1501625776290894,1.735590934753418
quantitative,positive,4,strategic,72,-0.10027627812491523,-1.2432658672332764,2.586322784423828
quantitative,negative,1,inspirational,74,-0.9342163414568514,-2.3513396978378296,0.2154994010925293
quantitative,negative,2,narrative,76,-0.8776857570598,-2.7502617835998535,0.7735302448272705
quantitative,negative,3,pessimistic,72,-0.8620337380303277,-3.672514319419861,0.26555943489074707
quantitative,negative,4,empathetic,76,-0.7800594129060444,-3.326675057411194,0.5903275012969971
radical,positive,1,narrative,76,0.5310520670915905,-0.41654810309410095,2.119137927889824
radical,positive,2,inspirational,74,0.4699373522118942,-0.769889771938324,2.16916087269783
radical,positive,3,speculative,72,0.450300226194991,-0.26622140407562256,1.7783724814653397
radical,positive,4,big_picture,74,0.3873986601829529,-0.28328511118888855,1.6110433340072632
radical,negative,1,concise,62,-0.022158454743123824,-0.786889836192131,1.099687598645687
radical,negative,2,collaborative,74,-0.0073985223834579054,-1.2661316394805908,0.6778526306152344
radical,negative,3,problem_solving,74,0.037771059653243504,-0.6073649674654007,1.392986886203289
radical,negative,4,practical,72,0.04607728165056971,-0.8484917283058167,1.626194953918457
reactive,positive,1,entertaining,74,0.15692877125095678,-2.517163038253784,2.068013906478882
reactive,positive,2,spontaneous,76,0.08431013006913035,-2.7290648221969604,2.7578349113464355
reactive,positive,3,playful,74,0.08094754734554806,-2.6283916234970093,2.2672348022460938
reactive,positive,4,anxious,78,-0.10453627965389153,-1.9209349155426025,3.0008938312530518
reactive,negative,1,methodical,74,-0.9783275948988425,-3.675199508666992,0.718287467956543
reactive,negative,2,analytical,72,-0.9508097991347313,-4.452291935682297,5.06802225112915
reactive,negative,3,educational,76,-0.9211721232062892,-3.737983226776123,0.6650185585021973
reactive,negative,4,verbose,72,-0.8878147121932771,-4.756506621837616,0.4367246627807617
rebellious,positive,1,inspirational,74,1.0240630718904573,-0.21140754222869873,2.7080093026161194
rebellious,positive,2,narrative,76,0.9889483826332971,-0.7644382119178772,2.8885940313339233
rebellious,positive,3,speculative,72,0.8559670319987668,-0.36451801657676697,2.3293471187353134
rebellious,positive,4,big_picture,74,0.840483168089712,-0.37657326459884644,2.8852155208587646
rebellious,negative,1,concise,62,0.1905006290443482,-1.1016114056110382,1.0252262279391289
rebellious,negative,2,data_driven,72,0.2093508318066597,-1.5495295822620392,2.3029054403305054
rebellious,negative,3,stoic,72,0.2478583241916365,-1.3639482259750366,1.2322369813919067
rebellious,negative,4,problem_solving,74,0.27167579229619054,-0.9927477538585663,1.9051351249217987
relativist,positive,1,pessimistic,72,0.7067450682322184,-0.40752243995666504,2.073805272579193
relativist,positive,2,narrative,76,0.6440345080275285,-0.8997004628181458,2.262041449546814
relativist,positive,3,speculative,72,0.5500076454546716,-0.6154632568359375,1.906421422958374
relativist,positive,4,inspirational,74,0.5412338166623503,-0.5961734056472778,1.8251198530197144
relativist,negative,1,data_driven,72,-0.10868209414184093,-1.9007663875818253,1.9274664521217346
relativist,negative,2,problem_solving,74,-0.07028981479438576,-1.4036550521850586,0.9115431308746338
relativist,negative,3,practical,72,-0.012946942614184486,-1.5149323344230652,1.3513107299804688
relativist,negative,4,strategic,72,0.04250102655755149,-1.250562995672226,1.2018665671348572
reserved,positive,1,concise,62,-0.3118563385740403,-3.034326493740082,1.587215706706047
reserved,positive,2,data_driven,72,-0.42976169163982075,-3.2927876710891724,1.5187420845031738
reserved,positive,3,adaptable,74,-0.4441802630553374,-3.5268661975860596,1.2067863941192627
reserved,positive,4,confident,74,-0.4799272325393316,-3.6143539547920227,2.119777023792267
reserved,negative,1,narrative,76,-1.5222660001171262,-4.9776259660720825,1.2022626399993896
reserved,negative,2,inspirational,74,-1.4438597475354735,-4.634765982627869,0.5864149332046509
reserved,negative,3,humble,74,-1.2704300675037745,-5.161659479141235,1.0811749696731567
reserved,negative,4,speculative,72,-1.1723334238761,-4.041375935077667,1.1041018962860107
resilient,positive,1,methodical,74,0.6576592889991967,-0.9094135761260986,2.2341490983963013
resilient,positive,2,analytical,72,0.6371975209977891,-2.2136645317077637,1.9676331877708435
resilient,positive,3,educational,76,0.6313896618391338,-0.6295967102050781,2.353724956512451
resilient,positive,4,patient,78,0.6294749936996362,-0.5767568349838257,2.5253172516822815
resilient,negative,1,entertaining,74,-0.1670512766451449,-1.4446457624435425,1.6137728691101074
resilient,negative,2,spontaneous,76,-0.028982722445538168,-2.6571563482284546,1.688495695590973
resilient,negative,3,anxious,78,-0.005364833733974359,-2.3537705540657043,1.701885461807251
resilient,negative,4,playful,74,0.042913885535420596,-1.7735495567321777,1.5914289951324463
reverent,positive,1,verbose,72,0.7621921772758166,-0.3649883270263672,3.714032083749771
reverent,positive,2,inspirational,74,0.7358536607510334,-0.44893527030944824,2.129467725753784
reverent,positive,3,methodical,74,0.6647633467171643,-1.2166006565093994,2.1724807620048523
reverent,positive,4,educational,76,0.6436363717443064,-0.5577371120452881,2.460676372051239
reverent,negative,1,entertaining,74,-0.34738387771554896,-2.255433201789856,1.1700003147125244
reverent,negative,2,spontaneous,76,-0.2802378817608482,-2.7614705562591553,1.3767094612121582
reverent,negative,3,playful,74,-0.18061809282045108,-1.5739849209785461,1.6337352395057678
reverent,negative,4,anxious,78,-0.14446928715094542,-1.7268757820129395,1.0266127586364746
rhetorical,positive,1,narrative,76,1.3985888232526027,-0.3401826024055481,3.880802273750305
rhetorical,positive,2,inspirational,74,1.3116057639991916,-0.27171728014945984,3.503929018974304
rhetorical,positive,3,big_picture,74,0.9179329791584531,-0.25316691398620605,3.400936484336853
rhetorical,positive,4,pessimistic,72,0.89947410652207,-0.5199972838163376,2.401555895805359
rhetorical,negative,1,data_driven,72,0.02637066940466563,-1.4199703335762024,1.6476769149303436
rhetorical,negative,2,factual,72,0.059023699826664396,-1.585776150226593,1.100225031375885
rhetorical,negative,3,practical,72,0.08142933497826259,-1.3758470714092255,1.3095675110816956
rhetorical,negative,4,problem_solving,74,0.14052396247515808,-1.7388054132461548,2.1625137329101562
risk_taking,positive,1,inspirational,74,1.2965748672549788,-0.1732366979122162,3.2889552116394043
risk_taking,positive,2,narrative,76,1.2139480719832998,-0.4805063307285309,3.3427096605300903
risk_taking,positive,3,big_picture,74,0.9976705044910714,-0.14661574363708496,3.399632453918457
risk_taking,positive,4,verbose,72,0.970821765354938,-0.4624875783920288,3.2511309385299683
risk_taking,negative,1,concise,62,0.23052638913354567,-0.9786353409290314,1.3671981990337372
risk_taking,negative,2,data_driven,72,0.26801851039959323,-1.42410209774971,2.475168466567993
risk_taking,negative,3,factual,72,0.30890956914259327,-1.1525169909000397,1.6287935972213745
risk_taking,negative,4,problem_solving,74,0.3162344565262666,-0.8912902027368546,2.0829245150089264
ritualistic,positive,1,educational,76,0.5932071212875215,-0.5730972290039062,1.4826539754867554
ritualistic,positive,2,analytical,72,0.582004664465785,-1.5029952600598335,2.060329794883728
ritualistic,positive,3,methodical,74,0.5695423876514306,-0.663217306137085,1.5480513274669647
ritualistic,positive,4,verbose,72,0.554252628237009,-0.2418379783630371,1.888739913702011
ritualistic,negative,1,entertaining,74,-0.3759955067086864,-2.504056930541992,1.0514736771583557
ritualistic,negative,2,humble,74,-0.3450567275285721,-2.086557060480118,0.6787396371364594
ritualistic,negative,3,casual,80,-0.32071043495088813,-1.8453519344329834,1.0087143257260323
ritualistic,negative,4,spontaneous,76,-0.3070337048878795,-2.342398762702942,0.8461105823516846
romantic,positive,1,narrative,76,1.2072698858223463,-0.5510097742080688,4.334049940109253
romantic,positive,2,inspirational,74,1.035642735055975,-0.46191635727882385,3.526018738746643
romantic,positive,3,big_picture,74,0.6504286285993215,-0.22681736946105957,2.9296536445617676
romantic,positive,4,entertaining,74,0.6203586652472213,-0.4086998403072357,3.751845598220825
romantic,negative,1,factual,72,-0.10615138212839763,-1.453326404094696,0.7191024422645569
romantic,negative,2,data_driven,72,-0.10495444801118639,-1.0338461101055145,1.3320608139038086
romantic,negative,3,practical,72,-0.053293521205584206,-1.8819336891174316,0.8449379801750183
romantic,negative,4,problem_solving,74,-0.03827287055350639,-1.863098680973053,1.99262273311615
sarcastic,positive,1,entertaining,74,0.32462630722973795,-2.1408486366271973,2.219310760498047
sarcastic,positive,2,playful,74,0.2042883602348534,-1.8538037538528442,2.5944888591766357
sarcastic,positive,3,spontaneous,76,0.08198670180220353,-2.1336910724639893,3.33117538690567
sarcastic,positive,4,narrative,76,-0.008248075058585718,-2.264439344406128,1.9424619674682617
sarcastic,negative,1,patient,78,-0.6976725229850183,-3.3092116117477417,0.352841854095459
sarcastic,negative,2,methodical,74,-0.5303359418301969,-3.0714027881622314,0.8685092926025391
sarcastic,negative,3,collaborative,74,-0.5299846417195088,-2.9689626693725586,0.48407554626464844
sarcastic,negative,4,calm,76,-0.5214567843236422,-2.805201530456543,1.3124761581420898
sardonic,positive,1,entertaining,74,0.26568482051024567,-2.4801394939422607,1.9084782600402832
sardonic,positive,2,playful,74,0.12374315712902997,-2.246600031852722,2.8611156940460205
sardonic,positive,3,spontaneous,76,0.05597079741327386,-2.528397560119629,3.6879884004592896
sardonic,positive,4,confident,74,-0.12902097122089282,-1.9603779315948486,1.8574433326721191
sardonic,negative,1,patient,78,-0.8457746352904882,-3.9993659257888794,0.35516786575317383
sardonic,negative,2,methodical,74,-0.7029287637890996,-3.7513843178749084,0.6762962341308594
sardonic,negative,3,verbose,72,-0.6787647108236948,-3.7707409858703613,0.34896373748779297
sardonic,negative,4,calm,76,-0.6511637286136025,-3.4420779943466187,0.9752292633056641
sassy,positive,1,entertaining,74,0.3548660294429676,-1.7193076610565186,2.111697733402252
sassy,positive,2,playful,74,0.17385668690140182,-1.7789785861968994,2.500724673271179
sassy,positive,3,spontaneous,76,0.10044386982917786,-1.9189908504486084,3.2306403517723083
sassy,positive,4,anxious,78,0.01621392445686536,-1.2667961120605469,1.9421730041503906
sassy,negative,1,patient,78,-0.5859640148969797,-2.6436389088630676,0.7327016592025757
sassy,negative,2,verbose,72,-0.5350214044253031,-2.8543198108673096,0.2972412109375
sassy,negative,3,traditional,70,-0.5084549154554094,-2.293034076690674,0.5716831684112549
sassy,negative,4,methodical,74,-0.5057394875062479,-2.918304741382599,0.7240657806396484
savage,positive,1,entertaining,74,0.1547578242984978,-1.9005300998687744,1.7982873916625977
savage,positive,2,narrative,76,0.06030859484484321,-1.6344778537750244,2.154353380203247
savage,positive,3,playful,74,0.021043464944169327,-1.5737457871437073,1.6308000087738037
savage,positive,4,confident,74,-0.02660862819568531,-1.4210153818130493,1.2968976497650146
savage,negative,1,patient,78,-0.6262707534508828,-2.8055302500724792,0.6031439304351807
savage,negative,2,collaborative,74,-0.5663308179056322,-1.9367983937263489,0.47959065437316895
savage,negative,3,optimistic,74,-0.4834250082840791,-2.3461300134658813,0.7884864807128906
savage,negative,4,calm,76,-0.468953486335905,-2.1076313257217407,0.9963102340698242
secular,positive,1,data_driven,72,0.16141660842630598,-0.6345937848091125,1.0443319380283356
secular,positive,2,factual,72,0.13474596043427786,-0.6532915383577347,0.9533208161592484
secular,positive,3,problem_solving,74,0.12236801051610224,-0.968849241733551,0.9043500423431396
secular,positive,4,grounded,74,0.1054893765296485,-0.9361346662044525,1.0505323857069016
secular,negative,1,inspirational,74,-0.5375220441334957,-2.1057886481285095,0.26217812299728394
secular,negative,2,narrative,76,-0.4890111116202254,-1.5024074018001556,0.5420227646827698
secular,negative,3,pessimistic,72,-0.3653052963523401,-1.2856741547584534,0.7587404102087021
secular,negative,4,big_picture,74,-0.28124696338498917,-1.1829472780227661,0.9027450978755951
serene,positive,1,inspirational,74,1.002319242503192,-0.3343076705932617,2.787615180015564
serene,positive,2,verbose,72,0.8824052082167732,-0.21882104873657227,3.9331092834472656
serene,positive,3,patient,78,0.8142915352796897,-0.30773067474365234,3.6493271589279175
serene,positive,4,narrative,76,0.7831665857842094,-1.3214263916015625,2.772610664367676
serene,negative,1,entertaining,74,-0.0020851219022596204,-0.9817061424255371,1.9822802543640137
serene,negative,2,spontaneous,76,0.11004350687328138,-2.444658637046814,2.1151782274246216
serene,negative,3,playful,74,0.17896946378656337,-1.3922284841537476,2.133383810520172
serene,negative,4,strategic,72,0.2100942465994093,-2.654400587081909,1.8928567171096802
serious,positive,1,educational,76,0.6393995857552478,-0.3017747402191162,2.0406834483146667
serious,positive,2,analytical,72,0.6333091308673223,-3.0366530418395996,2.3272271752357483
serious,positive,3,methodical,74,0.6232307162639257,-0.8926501274108887,2.1717047691345215
serious,positive,4,verbose,72,0.5604000430968072,-0.2773010730743408,2.5426022112369537
serious,negative,1,entertaining,74,-0.6497791715570398,-3.102217733860016,0.5581541657447815
serious,negative,2,playful,74,-0.47659860994364767,-2.9207997918128967,1.0100964903831482
serious,negative,3,spontaneous,76,-0.4404794071850024,-3.1227354407310486,1.2317326664924622
serious,negative,4,casual,80,-0.3448451243340969,-2.0514285564422607,1.0261855125427246
skeptical,positive,1,analytical,72,0.8342615560524993,-1.981982946395874,2.5862486362457275
skeptical,positive,2,methodical,74,0.7309795291842641,-0.6126516163349152,2.85438334941864
skeptical,positive,3,educational,76,0.6545423481025194,-0.6803339719772339,2.1576311588287354
skeptical,positive,4,factual,72,0.648502009610335,-1.4603325724601746,2.091405153274536
skeptical,negative,1,playful,74,0.06089123338460922,-1.0974366068840027,1.0703793466091156
skeptical,negative,2,spontaneous,76,0.09618284945425234,-1.0669689774513245,1.821379005908966
skeptical,negative,3,entertaining,74,0.13477619979027156,-1.2277348637580872,2.3309333324432373
skeptical,negative,4,adaptable,74,0.1695491699753581,-0.62554532289505,1.8682093024253845
socratic,positive,1,pessimistic,72,0.2773956141124169,-1.6800835505127907,3.1716883182525635
socratic,positive,2,spontaneous,76,0.23647673653536722,-1.3559491969645023,2.214153468608856
socratic,positive,3,anxious,78,0.19595214495292076,-1.4748119711875916,1.0610606670379639
socratic,positive,4,entertaining,74,0.17616343417683164,-2.0124967098236084,1.460594654083252
socratic,negative,1,methodical,74,-0.4700568749292477,-2.190181851387024,0.9273271560668945
socratic,negative,2,data_driven,72,-0.4619323942396376,-1.7483932375907898,0.9757802486419678
socratic,negative,3,analytical,72,-0.44698258489370346,-2.7964581847190857,3.368186593055725
socratic,negative,4,educational,76,-0.4350463426426837,-2.5294989347457886,0.8727102279663086
solemn,positive,1,verbose,72,0.7462568485902416,-0.14619970321655273,3.318902924656868
solemn,positive,2,educational,76,0.7410462890800676,-0.31633973121643066,2.433562994003296
solemn,positive,3,methodical,74,0.7373647397837123,-0.8164246082305908,2.6492971181869507
solemn,positive,4,analytical,72,0.719254677494367,-3.34254889190197,2.8134428709745407
solemn,negative,1,entertaining,74,-0.5368172220281653,-2.9661651253700256,1.4563282132148743
solemn,negative,2,playful,74,-0.3961442926445523,-2.6116374731063843,1.3888158798217773
solemn,negative,3,spontaneous,76,-0.3890890228120904,-3.0727614760398865,1.5371572971343994
solemn,negative,4,casual,80,-0.2766245238482952,-1.88945472240448,1.4499984383583069
spiritual,positive,1,inspirational,74,1.2902453137007919,0.07859840989112854,4.284973114728928
spiritual,positive,2,narrative,76,1.2867668145581295,-0.4162984788417816,3.430898666381836
spiritual,positive,3,big_picture,74,0.8290611618273968,-0.35302889347076416,3.1413207948207855
spiritual,positive,4,speculative,72,0.7693230323493481,-0.4308311939239502,3.2657878398895264
spiritual,negative,1,data_driven,72,-0.04154668334457609,-1.2997334599494934,0.9871386587619781
spiritual,negative,2,practical,72,0.03651623407171832,-1.3984457850456238,1.1425850838422775
spiritual,negative,3,factual,72,0.06669184213711156,-1.2693340480327606,1.123915195465088
spiritual,negative,4,problem_solving,74,0.09008722027411332,-1.0114729702472687,2.181036800146103
spontaneous,positive,1,narrative,76,1.1823792810502805,-0.5850156545639038,3.7846627235412598
spontaneous,positive,2,inspirational,74,1.0284455426641412,-0.3702237904071808,3.0667303800582886
spontaneous,positive,3,entertaining,74,0.911721907757424,-0.2596530318260193,3.8844802379608154
spontaneous,positive,4,pessimistic,72,0.7761761421958605,-0.52474644780159,2.978967010974884
spontaneous,negative,1,data_driven,72,-0.10416272034247716,-1.466811716556549,1.8851362466812134
spontaneous,negative,2,factual,72,-0.029209569924407534,-0.9127926826477051,0.99703049659729
spontaneous,negative,3,analytical,72,0.04833391226000256,-1.5293541550636292,1.8959662914276123
spontaneous,negative,4,practical,72,0.07601589378383425,-1.0768128037452698,1.2029920816421509
stoic,positive,1,analytical,72,0.6413844223651621,-2.889101341366768,2.2282718420028687
stoic,positive,2,methodical,74,0.6367893738521112,-0.38993263244628906,1.9716511368751526
stoic,positive,3,educational,76,0.612636976336178,-0.6949899196624756,1.998151183128357
stoic,positive,4,data_driven,72,0.5517468402783076,-0.7076177597045898,1.6601529121398926
stoic,negative,1,entertaining,74,-0.517912600491498,-2.3602732121944427,0.6443198919296265
stoic,negative,2,playful,74,-0.40707500399769964,-2.4496225118637085,1.127967894077301
stoic,negative,3,spontaneous,76,-0.3623916734206049,-2.905113935470581,1.4636667370796204
stoic,negative,4,anxious,78,-0.2418966415600899,-1.5317667722702026,1.0068761110305786
stream_of_consciousness,positive,1,narrative,76,1.0611127026771243,-0.5826742351055145,3.528020918369293
stream_of_consciousness,positive,2,inspirational,74,0.9126966209024996,-0.17206043004989624,2.698832541704178
stream_of_consciousness,positive,3,entertaining,74,0.8185948689241667,-0.582525908946991,3.5943078994750977
stream_of_consciousness,positive,4,playful,74,0.6449149226820147,-1.4519057869911194,2.7997652292251587
stream_of_consciousness,negative,1,data_driven,72,-0.10310261034303242,-1.3321166336536407,1.0885940194129944
stream_of_consciousness,negative,2,factual,72,-0.0007411572668287489,-0.800079882144928,1.2012193500995636
stream_of_consciousness,negative,3,analytical,72,0.013822086155414581,-1.9065700769424438,1.3546704053878784
stream_of_consciousness,negative,4,stoic,72,0.08939194844828711,-1.242570161819458,1.6067065000534058
submissive,positive,1,spontaneous,76,-0.03260133650742079,-2.6743970811367035,1.8988393545150757
submissive,positive,2,playful,74,-0.13842815925946106,-2.2349466681480408,1.2801103591918945
submissive,positive,3,concise,62,-0.16676433144077177,-3.5307247638702393,2.161212772130966
submissive,positive,4,anxious,78,-0.18088940702951872,-2.313537746667862,2.7977001070976257
submissive,negative,1,methodical,74,-1.0856601833491712,-4.962399125099182,0.34886622428894043
submissive,negative,2,analytical,72,-1.037175017512507,-5.40652334690094,5.341912508010864
submissive,negative,3,verbose,72,-0.9644829889552461,-5.0571898221969604,0.7556281089782715
submissive,negative,4,educational,76,-0.9450100409357172,-3.7506123781204224,0.8232378959655762
subversive,positive,1,pessimistic,72,0.9802160689400302,-0.39804086089134216,2.953273892402649
subversive,positive,2,narrative,76,0.8964760781903016,-0.9401454329490662,2.4297440946102142
subversive,positive,3,inspirational,74,0.7672352521000682,-0.4623554050922394,2.4210809469223022
subversive,positive,4,entertaining,74,0.7509733567366729,-0.6834306716918945,2.6287834644317627
subversive,negative,1,data_driven,72,-0.1333420980307791,-1.831751823425293,1.7534581124782562
subversive,negative,2,factual,72,0.055195206569300756,-0.9665520489215851,1.047901451587677
subversive,negative,3,practical,72,0.07766851865582997,-1.291262149810791,2.1448854506015778
subversive,negative,4,problem_solving,74,0.09456646200772878,-1.0568400621414185,1.9973902702331543
supportive,positive,1,inspirational,74,0.9121472473080093,-0.20120692253112793,3.094386339187622
supportive,positive,2,verbose,72,0.7940737650626235,-0.4878222942352295,3.9520514011383057
supportive,positive,3,optimistic,74,0.7909597726287069,-0.19996225833892822,3.0541765689849854
supportive,positive,4,patient,78,0.7697869766599093,-0.3990345001220703,3.6958320289850235
supportive,negative,1,confident,74,0.199105982844894,-2.8791102170944214,1.847445011138916
supportive,negative,2,spontaneous,76,0.2201742084794923,-1.7286274880170822,2.008201353251934
supportive,negative,3,strategic,72,0.23902166138092676,-3.166590601205826,2.353326439857483
supportive,negative,4,concise,62,0.2879646747343002,-1.7019948363304138,2.212189495563507
sycophantic,positive,1,narrative,76,0.8660952629227388,-0.40093374252319336,2.470917046070099
sycophantic,positive,2,inspirational,74,0.8361322436783765,-0.4588487148284912,2.028204560279846
sycophantic,positive,3,entertaining,74,0.6928521318210138,-0.4264311045408249,2.435383439064026
sycophantic,positive,4,pessimistic,72,0.6521221864968538,-0.6617304086685181,1.7068067491054535
sycophantic,negative,1,data_driven,72,-0.12512826547026634,-1.9273438453674316,1.1162940859794617
sycophantic,negative,2,factual,72,-0.03956683828598923,-1.3219824880361557,0.9704006910324097
sycophantic,negative,3,analytical,72,0.06759272060460514,-1.4372258484363556,1.1196944117546082
sycophantic,negative,4,practical,72,0.08453672917352782,-0.9434711635112762,1.4203300476074219
temperamental,positive,1,entertaining,74,0.3578995401794846,-1.5107996463775635,2.1409988403320312
temperamental,positive,2,playful,74,0.19653070939553752,-1.9091472625732422,2.9251134395599365
temperamental,positive,3,spontaneous,76,0.13194266745918676,-2.0801234245300293,3.139551877975464
temperamental,positive,4,anxious,78,0.07619679279816456,-1.255910873413086,1.954532504081726
temperamental,negative,1,patient,78,-0.6167561213175455,-2.690766453742981,1.0130512714385986
temperamental,negative,2,methodical,74,-0.6148305229238562,-2.9653759002685547,0.5357761383056641
temperamental,negative,3,analytical,72,-0.5710026274124781,-2.7006726264953613,3.5889857411384583
temperamental,negative,4,educational,76,-0.5378015888364691,-2.828611969947815,0.6122426986694336
theatrical,positive,1,narrative,76,1.4513978785590123,-0.6552724838256836,4.3052287101745605
theatrical,positive,2,inspirational,74,1.217720100203076,-0.09413743019104004,3.8483500480651855
theatrical,positive,3,big_picture,74,0.8662166031631263,-0.4351239800453186,3.247135877609253
theatrical,positive,4,speculative,72,0.8591020190053515,-0.56218022108078,3.6033852100372314
theatrical,negative,1,concise,62,0.10845551759965959,-1.2640134692192078,1.9330137968063354
theatrical,negative,2,grounded,74,0.1554617479040816,-1.412708431482315,3.9867866039276123
theatrical,negative,3,practical,72,0.16791082835859722,-1.8044878840446472,1.142322152853012
theatrical,negative,4,factual,72,0.17661190860801274,-1.4609815776348114,1.0125299096107483
theoretical,positive,1,verbose,72,0.5798713119907511,-1.3744451403617859,1.5792116075754166
theoretical,positive,2,speculative,72,0.5320192161533568,-0.48961013555526733,1.9050747156143188
theoretical,positive,3,educational,76,0.5255260939072621,-0.8296882510185242,2.0546424090862274
theoretical,positive,4,formal,74,0.4902945619479224,-1.2267217114567757,1.7842835783958435
theoretical,negative,1,humble,74,-0.1923161334282643,-1.8971501290798187,1.6954383850097656
theoretical,negative,2,casual,80,-0.17013222817331553,-2.258246064186096,0.609428346157074
theoretical,negative,3,collaborative,74,-0.16681261229756716,-2.2024935483932495,1.0130202174186707
theoretical,negative,4,grounded,74,-0.1557241472843531,-2.0852999687194824,1.2070796936750412
traditional,positive,1,concise,62,-0.05553990097776536,-0.7844169661402702,0.9622289538383484
traditional,positive,2,stoic,72,-0.11558324222763379,-0.6107439547777176,0.5545830428600311
traditional,positive,3,humble,74,-0.15105637867708463,-1.0226379483938217,0.46184229850769043
traditional,positive,4,patient,78,-0.1793959683332688,-0.7460328042507172,0.9162870049476624
traditional,negative,1,inspirational,74,-0.691706853541168,-2.1821107864379883,0.4778301417827606
traditional,negative,2,big_picture,74,-0.5532641640386066,-1.4938687980175018,0.034180015325546265
traditional,negative,3,narrative,76,-0.5528926943477831,-1.956013336777687,0.6401653438806534
traditional,negative,4,speculative,72,-0.5390397856632868,-1.3951775431632996,0.16526640951633453
understated,positive,1,spontaneous,76,0.043665933177659384,-1.35292586684227,1.0591050386428833
understated,positive,2,concise,62,-0.025362933955846295,-1.094771385192871,0.9250642359256744
understated,positive,3,casual,80,-0.05043775541707873,-2.6246365308761597,0.7773354798555374
understated,positive,4,cautious,76,-0.06266557386046961,-2.084455370903015,1.0477979183197021
understated,negative,1,narrative,76,-0.8770600000494405,-2.948665976524353,0.29507845640182495
understated,negative,2,inspirational,74,-0.8563804167347986,-2.522192418575287,0.2900667190551758
understated,negative,3,verbose,72,-0.6471846126951277,-2.501593589782715,0.3745800852775574
understated,negative,4,speculative,72,-0.5869887433946133,-2.0845742225646973,0.59037796407938
universalist,positive,1,playful,74,-0.09652335015503136,-1.0007303059101105,0.4952559471130371
universalist,positive,2,spontaneous,76,-0.09731259608739301,-0.9841657280921936,0.7234615385532379
universalist,positive,3,confident,74,-0.1004590504878276,-1.2818961292505264,0.9961128234863281
universalist,positive,4,adaptable,74,-0.11424458832354159,-1.0238351672887802,0.7131703495979309
universalist,negative,1,patient,78,-0.3930010048624797,-1.5108245313167572,0.24916374683380127
universalist,negative,2,curious,74,-0.38878690471520294,-1.5055146664381027,0.43016940355300903
universalist,negative,3,humble,74,-0.35670763656899734,-1.5689399689435959,0.5295363664627075
universalist,negative,4,calm,76,-0.3469298960346925,-1.4374754130840302,0.4853997230529785
urgent,positive,1,analytical,72,0.296099784059657,-0.8840281441807747,1.2453917488455772
urgent,positive,2,data_driven,72,0.2633969047003322,-0.6822193264961243,1.244856745004654
urgent,positive,3,educational,76,0.24404987535978617,-0.7281284332275391,1.2066429406404495
urgent,positive,4,methodical,74,0.1917560320045497,-0.622040867805481,0.9572677239775658
urgent,negative,1,humble,74,-0.39266042572420995,-2.2141284942626953,0.307867169380188
urgent,negative,2,empathetic,76,-0.2919295241958217,-1.2165509462356567,0.5897994041442871
urgent,negative,3,cautious,76,-0.2903564709581827,-1.5947975516319275,0.5747971534729004
urgent,negative,4,intuitive,72,-0.27814980482475626,-1.5841451287269592,0.920994482934475
utilitarian,positive,1,data_driven,72,0.5002871611052089,-1.2458123564720154,1.516863852739334
utilitarian,positive,2,problem_solving,74,0.4248658116604831,-0.4372946172952652,1.648914024233818
utilitarian,positive,3,analytical,72,0.4144124872982502,-2.089527726173401,1.8440894186496735
utilitarian,positive,4,factual,72,0.39643316591779393,-0.5433959662914276,1.174984723329544
utilitarian,negative,1,pessimistic,72,-0.41420050089557964,-1.7974490225315094,1.0139309763908386
utilitarian,negative,2,empathetic,76,-0.16157095075437897,-1.2072270512580872,0.7213399261236191
utilitarian,negative,3,anxious,78,-0.15894930141094404,-1.1529408395290375,1.1662543714046478
utilitarian,negative,4,intuitive,72,-0.13647269540362889,-1.020787090063095,0.7227431535720825
verbose,positive,1,verbose,72,0.8288407317466207,-0.33052659034729004,3.0761824250221252
verbose,positive,2,methodical,74,0.8189916820139498,-0.32538890838623047,2.857808530330658
verbose,positive,3,narrative,76,0.7676205842902786,-0.3599283695220947,3.33744890242815
verbose,positive,4,speculative,72,0.7351839329219527,-0.22094416618347168,2.734995909035206
verbose,negative,1,concise,62,0.10387484945597188,-1.668728232383728,2.1608012914657593
verbose,negative,2,playful,74,0.1878069478112298,-1.0089855194091797,1.3050181865692139
verbose,negative,3,confident,74,0.1965852416044957,-1.7757414877414703,2.419620245695114
verbose,negative,4,spontaneous,76,0.20500367762226807,-1.4860719442367554,2.3693063855171204
visceral,positive,1,entertaining,74,0.37414092469859767,-1.22902512550354,2.024929106235504
visceral,positive,2,playful,74,0.20404255067979968,-1.3610937595367432,2.308419704437256
visceral,positive,3,spontaneous,76,0.15433115943482048,-1.4558445811271667,2.7042599618434906
visceral,positive,4,narrative,76,0.15425814217642733,-1.773164987564087,2.4329769015312195
visceral,negative,1,analytical,72,-0.641711014840338,-2.042172372341156,2.465467631816864
visceral,negative,2,methodical,74,-0.604822497110109,-2.090665817260742,0.9116653203964233
visceral,negative,3,data_driven,72,-0.5665834860669242,-1.8674632906913757,0.900825023651123
visceral,negative,4,educational,76,-0.5621072885237242,-2.1030917167663574,0.6729614734649658
whimsical,positive,1,narrative,76,1.4312713501092635,-0.4773988127708435,3.411269173026085
whimsical,positive,2,inspirational,74,1.3118070444545231,-0.3187612295150757,3.3215609788894653
whimsical,positive,3,big_picture,74,1.0520464214118752,-0.15327918529510498,3.4610934108495712
whimsical,positive,4,verbose,72,0.9954020426505141,-0.15534734725952148,3.7779712080955505
whimsical,negative,1,data_driven,72,0.1653199481467406,-1.7860911786556244,1.8807913064956665
whimsical,negative,2,practical,72,0.21857416174478,-1.4972599744796753,1.5392760634422302
whimsical,negative,3,problem_solving,74,0.25896485552594467,-1.3713073134422302,1.991062492132187
whimsical,negative,4,factual,72,0.2707886186738809,-1.2397447228431702,1.3656552582979202
witty,positive,1,entertaining,74,0.7516089540881079,-0.36229658126831055,2.8103891909122467
witty,positive,2,playful,74,0.6353705815366797,-0.771062970161438,2.8849706053733826
witty,positive,3,narrative,76,0.5368298143148422,-1.002460539340973,2.0454574823379517
witty,positive,4,inspirational,74,0.4640478612603368,-0.44506072998046875,1.7856669425964355
witty,negative,1,factual,72,-0.19151968095037672,-1.40764319896698,1.0485484600067139
witty,negative,2,patient,78,-0.16063443590433168,-1.9622543454170227,1.286326915025711
witty,negative,3,methodical,74,-0.1462996150996234,-1.4632031917572021,1.5544443130493164
witty,negative,4,data_driven,72,-0.14021636545658112,-1.3667404651641846,1.3170602321624756
wry,positive,1,entertaining,74,0.28523833042866475,-2.2706832885742188,1.89790678024292
wry,positive,2,playful,74,0.1156524387565819,-2.332134485244751,2.603867769241333
wry,positive,3,spontaneous,76,0.0646207709061472,-2.5022408962249756,3.6153454780578613
wry,positive,4,confident,74,-0.07269506196717958,-1.7835694551467896,2.0960854291915894
wry,negative,1,patient,78,-0.7953858528381739,-3.906083583831787,0.3431978225708008
wry,negative,2,calm,76,-0.608571962306374,-3.264619469642639,0.9306244850158691
wry,negative,3,optimistic,74,-0.6045515891667959,-2.5957032442092896,0.6842422485351562
wry,negative,4,methodical,74,-0.5920003104854275,-3.601848840713501,0.7193422317504883
zealous,positive,1,narrative,76,0.7991227515433964,-0.9213181734085083,3.1246808767318726
zealous,positive,2,inspirational,74,0.6977272927761078,-0.45536625385284424,2.491422176361084
zealous,positive,3,entertaining,74,0.5634498604246088,-0.6248432397842407,3.192282199859619
zealous,positive,4,playful,74,0.45913150826015986,-1.8617607355117798,2.1932922899723053
zealous,negative,1,data_driven,72,-0.27292977770169574,-1.5780764818191528,0.9229217767715454
zealous,negative,2,factual,72,-0.2346223427189721,-1.6061952114105225,0.8460730314254761
zealous,negative,3,analytical,72,-0.18588906360997093,-1.3935409784317017,1.8192196488380432
zealous,negative,4,methodical,74,-0.13535980437252973,-1.039434790611267,1.0651493668556213
