axis,direction,rank,trait,count,mean_delta,min_delta,max_delta
absolutist,positive,1,data_driven,100,0.010868889689445495,-0.9946772456169128,1.0604588985443115
absolutist,positive,2,concise,120,-0.10108515620231628,-1.009439468383789,1.0941095352172852
absolutist,positive,3,confident,100,-0.11075887560844422,-1.1464760899543762,0.7263414859771729
absolutist,positive,4,formal,100,-0.11875937342643737,-1.3650944232940674,0.6885083913803101
absolutist,negative,1,cautious,200,-0.3852079056203365,-1.7495635747909546,0.6968064308166504
absolutist,negative,2,humble,100,-0.3681295238435268,-2.0536317825317383,0.7639043927192688
absolutist,negative,3,pessimistic,200,-0.3639921569824219,-1.5106241703033447,0.6409603357315063
absolutist,negative,4,inquisitive,200,-0.34450441479682925,-1.4984750151634216,0.3965904712677002
abstract,positive,1,verbose,100,0.32176940232515333,-0.5311160087585449,1.3236443996429443
abstract,positive,2,formal,100,0.25594526961445807,-0.8301407098770142,1.211980938911438
abstract,positive,3,speculative,100,0.24986317113041878,-0.8346138000488281,1.425491213798523
abstract,positive,4,big_picture,100,0.21192900955677033,-0.7629003524780273,1.380605697631836
abstract,negative,1,data_driven,100,-0.3265146942436695,-1.551504135131836,1.0953116416931152
abstract,negative,2,practical,200,-0.18712251856923104,-1.7717313766479492,0.8199296593666077
abstract,negative,3,accessible,100,-0.08234545096755028,-1.379819631576538,0.6854989528656006
abstract,negative,4,casual,100,-0.0749355687201023,-1.9218819737434387,1.367403268814087
accessible,positive,1,casual,100,0.1731647275388241,-0.4235938936471939,0.913740485906601
accessible,positive,2,playful,100,0.13283771350979806,-0.5401851534843445,1.0016153156757355
accessible,positive,3,empathetic,200,0.125694540143013,-0.7204327881336212,0.9007495641708374
accessible,positive,4,spontaneous,100,0.11688287451863288,-0.6889589726924896,0.8839330077171326
accessible,negative,1,formal,100,-0.35313153922557833,-0.892400473356247,0.20041710138320923
accessible,negative,2,verbose,100,-0.29221928924322127,-0.9043487906455994,0.4285382479429245
accessible,negative,3,strategic,100,-0.21156598910689353,-0.8791805356740952,0.4658364951610565
accessible,negative,4,methodical,200,-0.17521770909428597,-0.738619327545166,0.4700692296028137
accommodating,positive,1,empathetic,200,0.23388593256473542,-0.13772064447402954,0.8662124276161194
accommodating,positive,2,optimistic,200,0.21358645975589752,-0.15535610914230347,1.278828352689743
accommodating,positive,3,inspirational,100,0.209604669213295,-0.1619337797164917,0.8105132579803467
accommodating,positive,4,collaborative,100,0.1819834017753601,-0.2842963933944702,0.6369098424911499
accommodating,negative,1,data_driven,100,-0.012839164733886719,-0.48306137323379517,0.4731789827346802
accommodating,negative,2,formal,100,0.005500858724117279,-0.39812153577804565,0.3902548551559448
accommodating,negative,3,factual,100,0.030616652965545655,-0.3719934821128845,0.46710658073425293
accommodating,negative,4,methodical,200,0.03417569637298584,-0.38009509444236755,0.4571409225463867
acerbic,positive,1,data_driven,100,0.4964266705513001,-0.6177940368652344,1.474329948425293
acerbic,positive,2,entertaining,100,0.17856747508049012,-0.8865029811859131,1.6208661794662476
acerbic,positive,3,factual,100,0.14305439233779907,-0.5787985324859619,1.40458083152771
acerbic,positive,4,confident,100,0.1333485722541809,-0.4690883159637451,1.0507190227508545
acerbic,negative,1,empathetic,200,-0.11860673904418945,-0.9143686294555664,1.0883944034576416
acerbic,negative,2,inclusive,100,-0.10431271016597748,-3.3242210745811462,0.4703655242919922
acerbic,negative,3,accessible,100,-0.09769565105438233,-1.074110984802246,0.5842640399932861
acerbic,negative,4,humble,100,-0.09140679359436035,-2.99825382232666,0.5344843864440918
adventurous,positive,1,inspirational,100,0.4536582250893116,-0.23806171119213104,1.8132895231246948
adventurous,positive,2,entertaining,100,0.2544171668589115,-0.6665277779102325,1.378100335597992
adventurous,positive,3,optimistic,200,0.2535527756810188,-0.5039660930633545,1.2759237587451935
adventurous,positive,4,playful,100,0.24862473711371422,-0.3313319981098175,1.4714380502700806
adventurous,negative,1,data_driven,100,-0.037796050906181336,-0.8733484447002411,0.526736319065094
adventurous,negative,2,practical,200,-0.030663586854934692,-0.8510575890541077,0.5331947058439255
adventurous,negative,3,methodical,200,-0.019528484791517257,-0.46915632486343384,0.6025844365358353
adventurous,negative,4,concise,120,0.01518716166416804,-0.49001944065093994,0.5088405013084412
agreeable,positive,1,empathetic,200,0.22438905239105225,-0.5936274528503418,1.3196568489074707
agreeable,positive,2,optimistic,200,0.20904320985078811,-0.5966572761535645,2.878881722688675
agreeable,positive,3,inclusive,100,0.2048506060242653,-0.5220526456832886,2.4636302292346954
agreeable,positive,4,adaptable,100,0.1895857894420624,-0.7025237083435059,1.1287007331848145
agreeable,negative,1,data_driven,100,-0.22417547464370727,-1.1843280792236328,0.6265690326690674
agreeable,negative,2,entertaining,100,-0.08059771776199341,-1.2676931619644165,0.9826271533966064
agreeable,negative,3,confident,100,-0.05340452551841736,-0.8063983917236328,0.9237241744995117
agreeable,negative,4,skeptical,200,-0.036143419742584226,-0.8089003562927246,0.6411571502685547
altruistic,positive,1,optimistic,200,0.11269693970680236,-1.213167667388916,6.640385270118713
altruistic,positive,2,inspirational,100,0.10262478351593017,-0.7200131416320801,1.0944156646728516
altruistic,positive,3,big_picture,100,0.09713299036026,-0.9082798957824707,1.971466302871704
altruistic,positive,4,inclusive,100,0.08238264679908752,-0.9872522354125977,5.985895276069641
altruistic,negative,1,data_driven,100,-0.6631065058708191,-1.8110404014587402,0.6169471740722656
altruistic,negative,2,entertaining,100,-0.21608526945114137,-3.1635706424713135,1.311422348022461
altruistic,negative,3,skeptical,200,-0.20921087265014648,-1.0568065643310547,0.8031001091003418
altruistic,negative,4,factual,100,-0.18216027259826661,-1.516833782196045,0.8286609649658203
animated,positive,1,inspirational,100,0.4904178136587143,-0.10904490947723389,1.3304134607315063
animated,positive,2,optimistic,200,0.2828030730783939,-0.19671516120433807,0.9219174981117249
animated,positive,3,playful,100,0.2718092314898968,-0.39301353693008423,1.3521119058132172
animated,positive,4,speculative,100,0.2649460533261299,-0.4459683895111084,1.376559317111969
animated,negative,1,practical,200,0.004138752967119217,-0.513381689786911,0.6556237936019897
animated,negative,2,methodical,200,0.012899398803710938,-0.4769097864627838,0.46735048294067383
animated,negative,3,data_driven,100,0.026344620734453202,-0.8577969670295715,0.6035011410713196
animated,negative,4,concise,120,0.044624075790246326,-0.56751549243927,0.42517445981502533
anxious,positive,1,data_driven,100,0.36751222252845767,-0.5600202083587646,1.2660646438598633
anxious,positive,2,pessimistic,200,0.19246384739875794,-0.854794979095459,1.1898562908172607
anxious,positive,3,entertaining,100,0.177816219329834,-0.5757882595062256,1.6860581636428833
anxious,positive,4,skeptical,200,0.15454026579856872,-0.5520889759063721,0.8885889053344727
anxious,negative,1,optimistic,200,-0.12863702327013016,-3.003323584794998,0.5947415828704834
anxious,negative,2,formal,100,-0.12384566187858581,-1.005631923675537,0.4123563766479492
anxious,negative,3,inspirational,100,-0.1194787311553955,-1.0901155471801758,0.664830207824707
anxious,negative,4,inclusive,100,-0.10255105763673783,-2.628764182329178,0.6709432601928711
arrogant,positive,1,entertaining,100,0.4401016765832901,-0.2635018825531006,1.7217603921890259
arrogant,positive,2,speculative,100,0.379535099864006,-0.45165205001831055,1.5785725712776184
arrogant,positive,3,inspirational,100,0.3696442723274231,-0.3511655330657959,1.6294862031936646
arrogant,positive,4,pessimistic,200,0.36864798426628115,-0.9171124696731567,1.5131537318229675
arrogant,negative,1,accessible,100,0.06252280831336975,-0.48798954486846924,0.664330005645752
arrogant,negative,2,problem_solving,100,0.07029436469078064,-0.7359716892242432,1.0227103233337402
arrogant,negative,3,concise,120,0.07780014475186665,-0.6732890605926514,1.1883721351623535
arrogant,negative,4,practical,200,0.08039425134658813,-0.5753521919250488,1.1497749090194702
artistic,positive,1,inspirational,100,0.6913908731937408,0.019678473472595215,1.8279149532318115
artistic,positive,2,entertaining,100,0.4779342904686928,-0.5785780549049377,1.8665636777877808
artistic,positive,3,speculative,100,0.46545955568552017,-0.28846263885498047,2.2127310037612915
artistic,positive,4,narrative,100,0.4304446579515934,-0.44152048230171204,1.4474116563796997
artistic,negative,1,practical,200,0.026934285163879395,-0.7756366729736328,1.0667446851730347
artistic,negative,2,data_driven,100,0.04681348323822022,-1.1089893579483032,1.067160576581955
artistic,negative,3,concise,120,0.07381489376227061,-0.5934005081653595,0.6974682509899139
artistic,negative,4,methodical,200,0.08460748791694642,-0.7144594192504883,0.8743853569030762
ascetic,positive,1,pessimistic,200,0.10476276129484177,-0.5379601120948792,0.6278994679450989
ascetic,positive,2,speculative,100,0.09099992021918296,-0.335695743560791,0.7512988448143005
ascetic,positive,3,verbose,100,0.09061268180608749,-0.295782208442688,0.923167958855629
ascetic,positive,4,formal,100,0.08738305777311325,-0.2445088028907776,0.7582804560661316
ascetic,negative,1,data_driven,100,-0.13226092413067816,-0.6353243291378021,0.4035448431968689
ascetic,negative,2,playful,100,-0.07549988463521004,-0.6320306658744812,1.2599161863327026
ascetic,negative,3,entertaining,100,-0.05930409327149391,-0.458503782749176,0.7033151388168335
ascetic,negative,4,accessible,100,-0.051338057518005374,-0.7423967123031616,0.8475375175476074
assertive,positive,1,inspirational,100,0.3644355635717511,-0.8048827946186066,1.5588468313217163
assertive,positive,2,optimistic,200,0.16183097332715987,-0.5997703373432159,1.0659286379814148
assertive,positive,3,confident,100,0.13548937495797872,-0.8727347478270531,1.2046855092048645
assertive,positive,4,verbose,100,0.12957566173747181,-0.7703142836689949,1.145416021347046
assertive,negative,1,cautious,200,-0.14799736568704247,-1.0409956574440002,0.6522488594055176
assertive,negative,2,casual,100,-0.14462501440197228,-1.076462410390377,0.7367485463619232
assertive,negative,3,humble,100,-0.10463023029267787,-1.2668796479701996,1.12924325466156
assertive,negative,4,spontaneous,100,-0.10293059919029474,-0.9251281023025513,0.7463108897209167
avoidant,positive,1,data_driven,100,0.651644320487976,-0.5887112617492676,1.9010276794433594
avoidant,positive,2,skeptical,200,0.1551584243774414,-1.147179126739502,1.1881065368652344
avoidant,positive,3,entertaining,100,0.1508757710456848,-1.7541866302490234,3.157561779022217
avoidant,positive,4,factual,100,0.14770174026489258,-0.8147430419921875,1.554438591003418
avoidant,negative,1,big_picture,100,-0.1075217056274414,-2.221576690673828,0.7610211372375488
avoidant,negative,2,verbose,100,-0.07737707138061524,-1.3171987533569336,1.5510988235473633
avoidant,negative,3,formal,100,-0.053608970642089845,-1.5280046463012695,0.9761219024658203
avoidant,negative,4,optimistic,200,-0.049599095582962036,-7.134546875953674,1.3098974227905273
benevolent,positive,1,empathetic,200,0.20095403909683227,-0.8781933784484863,1.2854304313659668
benevolent,positive,2,optimistic,200,0.19365267246961593,-0.7616574764251709,5.610139340162277
benevolent,positive,3,inclusive,100,0.17368648260831832,-0.6533341407775879,5.0254983603954315
benevolent,positive,4,inspirational,100,0.16766699075698852,-0.6909580230712891,1.053945541381836
benevolent,negative,1,data_driven,100,-0.45718323469161987,-1.3701908588409424,0.5549054145812988
benevolent,negative,2,skeptical,200,-0.12319273233413697,-0.935488224029541,0.8641691207885742
benevolent,negative,3,entertaining,100,-0.12232452630996704,-2.6546316146850586,1.1270666122436523
benevolent,negative,4,factual,100,-0.11763790607452393,-1.3082218170166016,0.6397180557250977
bitter,positive,1,data_driven,100,0.4556387829780579,-0.6188499927520752,1.5999765396118164
bitter,positive,2,entertaining,100,0.2661107850074768,-0.7505667209625244,1.8675873279571533
bitter,positive,3,pessimistic,200,0.23769710063934327,-1.170499563217163,1.461557388305664
bitter,positive,4,playful,100,0.19109955549240112,-2.6473171710968018,1.8999888896942139
bitter,negative,1,inclusive,100,-0.068813117146492,-3.5481298565864563,0.8620076179504395
bitter,negative,2,optimistic,200,-0.05845878183841705,-3.8387582898139954,1.0127344131469727
bitter,negative,3,formal,100,-0.05370084762573242,-1.0896801948547363,0.5773258209228516
bitter,negative,4,adaptable,100,-0.04766565799713135,-0.6127064228057861,0.5255486965179443
bombastic,positive,1,inspirational,100,0.5128166608512401,-0.16845852136611938,1.793842375278473
bombastic,positive,2,verbose,100,0.44303643196821213,-0.49964866042137146,1.6174930334091187
bombastic,positive,3,speculative,100,0.371753990650177,-0.2486710548400879,2.1872745752334595
bombastic,positive,4,formal,100,0.3116442221403122,-0.2996314764022827,1.0640053749084473
bombastic,negative,1,accessible,100,-0.04005439162254334,-0.4946753978729248,0.5365084409713745
bombastic,negative,2,casual,100,-0.030276166796684264,-0.832527756690979,0.845950186252594
bombastic,negative,3,humble,100,-0.007393299341201782,-0.7589929103851318,0.7026644945144653
bombastic,negative,4,practical,200,0.0014210909605026246,-0.49460434913635254,0.9944027662277222
callous,positive,1,data_driven,100,0.20649058103561402,-0.30919480323791504,0.7385231256484985
callous,positive,2,factual,100,0.06673124134540558,-0.4521195888519287,0.5732569694519043
callous,positive,3,methodical,200,0.060341630578041074,-0.5224086046218872,0.66526198387146
callous,positive,4,strategic,100,0.05281378388404846,-0.6634711027145386,0.5557194948196411
callous,negative,1,empathetic,200,-0.24917448937892914,-1.0215431451797485,0.22804737091064453
callous,negative,2,inspirational,100,-0.21743033528327943,-1.029809594154358,0.36000728607177734
callous,negative,3,optimistic,200,-0.18581689178943633,-1.7771967053413391,0.4283367395401001
callous,negative,4,inclusive,100,-0.1611031013727188,-1.7851365208625793,0.5603606700897217
calm,positive,1,formal,100,0.07895685911178589,-0.7284812927246094,1.260314702987671
calm,positive,2,problem_solving,100,0.051593635082244876,-0.730417013168335,0.9684758186340332
calm,positive,3,inclusive,100,0.03867774784564972,-0.8131539821624756,3.1650784611701965
calm,positive,4,adaptable,100,0.030673806667327882,-0.7631850242614746,0.8901019096374512
calm,negative,1,entertaining,100,-0.3282662916183472,-2.1217468976974487,0.46036505699157715
calm,negative,2,data_driven,100,-0.3241857087612152,-1.6237640380859375,0.7659909725189209
calm,negative,3,playful,100,-0.27706254124641416,-2.2830206155776978,2.1919268369674683
calm,negative,4,pessimistic,200,-0.2421459174156189,-1.5391809940338135,1.1866161823272705
casual,positive,1,entertaining,100,0.5175084412097931,-0.6902178525924683,1.7024919986724854
casual,positive,2,playful,100,0.46581577479839326,-1.9097351431846619,1.4799203872680664
casual,positive,3,spontaneous,100,0.4423593270778656,-0.22580361366271973,1.2588309049606323
casual,positive,4,casual,100,0.42518134236335753,-0.6424422264099121,2.0762953758239746
casual,negative,1,formal,100,-0.21298448443412782,-0.9563286304473877,0.285675048828125
casual,negative,2,verbose,100,-0.07099950432777405,-0.7751972675323486,0.9048557281494141
casual,negative,3,methodical,200,-0.011539263725280762,-0.8844051361083984,0.7501373291015625
casual,negative,4,stoic,90,0.04831524027718438,-0.5834307670593262,1.3339875936508179
challenging,positive,1,speculative,100,0.44842157043516634,-0.6842606961727142,1.7973105609416962
challenging,positive,2,pessimistic,200,0.42081531397998334,-0.7131678462028503,1.6105304956436157
challenging,positive,3,strategic,100,0.3580794449150562,-0.7193037867546082,1.7791919708251953
challenging,positive,4,skeptical,200,0.35662094704806807,-0.7940186560153961,1.3147824704647064
challenging,negative,1,supportive,200,0.04525443732738495,-1.0369479656219482,1.49179208278656
challenging,negative,2,concise,120,0.06614150106906891,-1.3326778411865234,1.226348638534546
challenging,negative,3,accessible,100,0.06838586859405041,-0.934442013502121,1.1350505352020264
challenging,negative,4,optimistic,200,0.07879349060356616,-0.8068613409996033,1.3018749356269836
chaotic,positive,1,speculative,100,0.3582865833491087,-0.7248252332210541,1.5546289086341858
chaotic,positive,2,entertaining,100,0.3483710207045078,-0.6462425589561462,1.5140857100486755
chaotic,positive,3,pessimistic,200,0.329401733353734,-1.1323444545269012,1.9056965708732605
chaotic,positive,4,playful,100,0.2991293952614069,-0.7427747547626495,1.3959315121173859
chaotic,negative,1,concise,120,0.034783578912417096,-1.0724549889564514,0.7427559196949005
chaotic,negative,2,problem_solving,100,0.0639105974137783,-1.142772376537323,0.6744857579469681
chaotic,negative,3,optimistic,200,0.06611906871199608,-0.851542592048645,0.9560724496841431
chaotic,negative,4,supportive,200,0.0768775499612093,-0.7189193964004517,1.0251581966876984
charismatic,positive,1,inspirational,100,0.5458537065610289,-0.09851151704788208,1.6802761778235435
charismatic,positive,2,optimistic,200,0.3273603279516101,-0.2853788733482361,1.151600331068039
charismatic,positive,3,speculative,100,0.28923331052064893,-0.705561637878418,1.1920590996742249
charismatic,positive,4,playful,100,0.26641089655458927,-0.529521033167839,1.2687429189682007
charismatic,negative,1,data_driven,100,-0.038633192479610445,-0.7358845323324203,0.7722838521003723
charismatic,negative,2,practical,200,0.012534224390983582,-0.6461598426103592,0.5792234838008881
charismatic,negative,3,methodical,200,0.016150076370686293,-0.531767450273037,0.7339450567960739
charismatic,negative,4,concise,120,0.04206027692804734,-0.6932614743709564,0.5834109932184219
chill,positive,1,empathetic,200,0.20005875945091248,-0.29368042945861816,0.891350269317627
chill,positive,2,humble,100,0.19615519315004348,-0.39918017387390137,1.3863560259342194
chill,positive,3,optimistic,200,0.1654150092601776,-0.32866501808166504,1.6945034265518188
chill,positive,4,accessible,100,0.1577099657058716,-0.21272504329681396,0.6338028907775879
chill,negative,1,data_driven,100,-0.16160979449748994,-0.7191898822784424,0.5054160356521606
chill,negative,2,confident,100,-0.04941525876522064,-0.5724930763244629,0.48730409145355225
chill,negative,3,formal,100,-0.046873106360435485,-0.48795342445373535,0.6709959506988525
chill,negative,4,strategic,100,-0.03388464570045471,-0.5704745054244995,0.7934300899505615
circumspect,positive,1,cautious,200,0.31575143672525885,-0.5349434614181519,2.0438139215111732
circumspect,positive,2,verbose,100,0.3009624135494232,-0.4211694002151489,1.0117110013961792
circumspect,positive,3,big_picture,100,0.27250478744506834,-0.4582521915435791,0.9200973510742188
circumspect,positive,4,speculative,100,0.27135059773921966,-0.40957140922546387,1.1830384731292725
circumspect,negative,1,data_driven,100,-0.07351369619369506,-0.8920657634735107,0.8218077421188354
circumspect,negative,2,concise,120,0.020252658923467,-0.6751499176025391,0.7895491123199463
circumspect,negative,3,playful,100,0.04637903526425362,-1.238044261932373,1.5959912687540054
circumspect,negative,4,confident,100,0.06268363535404205,-0.7441451549530029,0.9230865240097046
closure_seeking,positive,1,data_driven,100,0.4508081960678101,-0.5874128341674805,1.7159826755523682
closure_seeking,positive,2,factual,100,-0.006072946786880493,-1.3149783611297607,1.0573933124542236
closure_seeking,positive,3,concise,120,-0.03782191077868144,-0.9032979011535645,0.960181713104248
closure_seeking,positive,4,methodical,200,-0.06067129611968994,-1.4390873908996582,1.0502452850341797
closure_seeking,negative,1,speculative,100,-0.354557466506958,-1.564262866973877,0.5720829963684082
closure_seeking,negative,2,pessimistic,200,-0.35001304388046267,-1.6887941360473633,0.9475548267364502
closure_seeking,negative,3,humble,100,-0.34534634530544284,-3.5298200249671936,0.9091486930847168
closure_seeking,negative,4,cautious,200,-0.34111434519290923,-3.0180118680000305,0.7890796661376953
collaborative,positive,1,optimistic,200,0.1889200548827648,-0.3014920949935913,1.3842968940734863
collaborative,positive,2,inspirational,100,0.1555400538444519,-0.364734411239624,1.1099441051483154
collaborative,positive,3,inclusive,100,0.15123145863413812,-0.5531506538391113,0.9824993014335632
collaborative,positive,4,adaptable,100,0.13113771378993988,-0.5126131772994995,0.9920343160629272
collaborative,negative,1,data_driven,100,-0.09827967032790184,-0.7640097141265869,0.5447832345962524
collaborative,negative,2,entertaining,100,-0.05825282983481884,-0.7512387707829475,0.775213360786438
collaborative,negative,3,reactive,100,-0.04342323392629623,-0.8170438408851624,0.4603094458580017
collaborative,negative,4,spontaneous,100,-0.027644676119089127,-0.8165769875049591,0.5969061851501465
collectivistic,positive,1,inspirational,100,0.1425855328142643,-0.7951832562685013,1.3031089305877686
collectivistic,positive,2,optimistic,200,0.11960371684283018,-0.9151869118213654,1.2379949986934662
collectivistic,positive,3,supportive,200,0.10199523147195577,-0.7113500535488129,0.8314139097929001
collectivistic,positive,4,empathetic,200,0.08934664368629455,-1.0884425044059753,1.559285581111908
collectivistic,negative,1,entertaining,100,-0.1989649903587997,-1.169642724096775,1.3877544403076172
collectivistic,negative,2,playful,100,-0.1558955304697156,-1.1099494695663452,0.7561660557985306
collectivistic,negative,3,spontaneous,100,-0.12480602245777846,-0.9093238636851311,0.8305346071720123
collectivistic,negative,4,casual,100,-0.09375064576044678,-0.8292454928159714,0.9881963133811951
competitive,positive,1,entertaining,100,0.18981338504701853,-0.4584134817123413,0.9549024105072021
competitive,positive,2,inspirational,100,0.1886525771021843,-0.7851406335830688,0.8619933724403381
competitive,positive,3,data_driven,100,0.1883820790797472,-0.3389754295349121,0.7877862453460693
competitive,positive,4,speculative,100,0.18554068006575108,-0.5345708429813385,1.2002552896738052
competitive,negative,1,empathetic,200,-0.07122693963348865,-0.7459321767091751,0.47514402866363525
competitive,negative,2,humble,100,-0.0679529570043087,-0.9337530732154846,0.550661213696003
competitive,negative,3,accessible,100,-0.05311805926263333,-0.5298224687576294,0.3171924948692322
competitive,negative,4,supportive,200,-0.028665728121995925,-0.7083947658538818,0.5224753022193909
conceptual,positive,1,verbose,100,0.3353452244400978,-0.6028010845184326,1.424139142036438
conceptual,positive,2,speculative,100,0.2801165170967579,-0.76326584815979,1.8473680019378662
conceptual,positive,3,formal,100,0.26440338712185624,-0.7327460050582886,1.3847475051879883
conceptual,positive,4,traditional,95,0.22354690212952463,-0.8194634914398193,1.4639625549316406
conceptual,negative,1,data_driven,100,-0.2960185147821903,-1.5373196601867676,1.1115083694458008
conceptual,negative,2,practical,200,-0.17366604115813972,-1.8672372698783875,0.8567812219262123
conceptual,negative,3,problem_solving,100,-0.06493616700172425,-1.3441741317510605,0.915557861328125
conceptual,negative,4,supportive,200,-0.06442690566182137,-1.430817425251007,1.0081555843353271
conciliatory,positive,1,optimistic,200,0.13825971901416778,-1.0562386512756348,3.9764686226844788
conciliatory,positive,2,inclusive,100,0.11128463923931121,-0.8585224151611328,3.3344975113868713
conciliatory,positive,3,problem_solving,100,0.09982470512390136,-0.7397243976593018,1.6090519428253174
conciliatory,positive,4,supportive,200,0.0927983546257019,-0.8772377967834473,1.3878674507141113
conciliatory,negative,1,data_driven,100,-0.33626452803611756,-1.7840001583099365,0.8841714859008789
conciliatory,negative,2,entertaining,100,-0.2984184229373932,-1.9172065258026123,0.5765776634216309
conciliatory,negative,3,pessimistic,200,-0.2202500593662262,-1.7498672008514404,1.8743832111358643
conciliatory,negative,4,playful,100,-0.1990111345052719,-1.8547728061676025,2.1661234498023987
concise,positive,1,entertaining,100,0.16986029386520385,-0.5258288383483887,1.6421282291412354
concise,positive,2,playful,100,0.147045037150383,-2.1276091933250427,1.1003514528274536
concise,positive,3,spontaneous,100,0.13292795538902283,-0.6505014896392822,0.8088388442993164
concise,positive,4,agreeable,100,0.11213061213493347,-0.5945174694061279,0.7263870239257812
concise,negative,1,verbose,100,-0.1532955014705658,-1.0512959957122803,0.6338710784912109
concise,negative,2,analytical,200,-0.07220574259757996,-0.629892110824585,0.5099711418151855
concise,negative,3,formal,100,-0.06442740201950073,-0.8773767948150635,0.5544431209564209
concise,negative,4,traditional,95,-0.05323310902244166,-0.8368587493896484,0.6797940731048584
condescending,positive,1,entertaining,100,0.5718154126405716,-0.08253192901611328,1.597170740365982
condescending,positive,2,playful,100,0.4913730904459953,-0.8096141815185547,2.345017373561859
condescending,positive,3,pessimistic,200,0.4625475713610649,-0.4294121265411377,1.259809523820877
condescending,positive,4,speculative,100,0.44082081943750384,-0.3122338056564331,1.3346679210662842
condescending,negative,1,concise,120,0.11528460582097372,-0.510339617729187,0.707150936126709
condescending,negative,2,factual,100,0.15436287105083465,-0.451468825340271,1.1652201414108276
condescending,negative,3,formal,100,0.15648676812648774,-0.2788393497467041,0.9690051078796387
condescending,negative,4,data_driven,100,0.16385624647140504,-0.5611706972122192,0.8255860805511475
confident,positive,1,inspirational,100,0.21178015556186439,-0.8263949155807495,1.0474504828453064
confident,positive,2,formal,100,0.1417582492157817,-0.43407709896564484,0.766959011554718
confident,positive,3,verbose,100,0.09104725385084748,-0.4919023960828781,0.8449490740895271
confident,positive,4,confident,100,0.0867696475610137,-0.733806848526001,0.8753081262111664
confident,negative,1,casual,100,-0.20220506832003593,-1.2096286714076996,0.47447869181632996
confident,negative,2,humble,100,-0.19043695103377103,-1.065700650215149,0.5462173074483871
confident,negative,3,spontaneous,100,-0.1650654250383377,-0.7368775308132172,0.6026960611343384
confident,negative,4,cautious,200,-0.16077187217772007,-0.8724604919552803,0.4394545704126358
confrontational,positive,1,formal,100,0.0054458057880401615,-0.9251391887664795,0.6734261512756348
confrontational,positive,2,confident,100,-0.0735983270406723,-1.0605063438415527,0.787558913230896
confrontational,positive,3,methodical,200,-0.09287843823432923,-1.0367729663848877,0.7313261032104492
confrontational,positive,4,verbose,100,-0.09532368957996368,-0.9476519823074341,0.7125876545906067
confrontational,negative,1,empathetic,200,-0.4054748132824898,-1.8111470937728882,0.18811607360839844
confrontational,negative,2,humble,100,-0.38964239150285723,-1.7141444683074951,2.3289912045001984
confrontational,negative,3,entertaining,100,-0.37646123468875886,-1.4478400945663452,0.499511182308197
confrontational,negative,4,spontaneous,100,-0.3644930177927017,-1.499272108078003,0.5181734561920166
conscientious,positive,1,formal,100,0.11850919127464295,-0.3778815269470215,0.9840072393417358
conscientious,positive,2,verbose,100,0.03145753860473633,-0.8714587688446045,0.7767734527587891
conscientious,positive,3,methodical,200,-0.015144855976104736,-0.8969311714172363,0.7264530658721924
conscientious,positive,4,big_picture,100,-0.021198830604553222,-0.8053374290466309,1.0585968494415283
conscientious,negative,1,entertaining,100,-0.4021732556819916,-1.9606742858886719,0.7565364837646484
conscientious,negative,2,spontaneous,100,-0.3466490387916565,-1.0842361450195312,0.16603541374206543
conscientious,negative,3,pessimistic,200,-0.33103694081306456,-1.44509756565094,1.022437572479248
conscientious,negative,4,playful,100,-0.31805973291397094,-1.504157304763794,2.428966522216797
contemporary,positive,1,data_driven,100,0.14924884904175997,-0.6883365958929062,0.7815873771905899
contemporary,positive,2,practical,200,0.09301955405622721,-0.8551574945449829,1.119242012500763
contemporary,positive,3,casual,100,0.07233279049396515,-1.0114964097738266,1.1216468214988708
contemporary,positive,4,inclusive,100,0.06197033774107694,-1.1754519194364548,0.9448130428791046
contemporary,negative,1,verbose,100,-0.2261467182263732,-1.5130284130573273,0.6482208371162415
contemporary,negative,2,traditional,95,-0.19063296082772707,-1.438437968492508,1.0516002178192139
contemporary,negative,3,formal,100,-0.18019585274159908,-1.1081032752990723,0.5745465308427811
contemporary,negative,4,conscientious,100,-0.13549066141247748,-1.6677407622337341,0.5763708353042603
contrarian,positive,1,pessimistic,200,0.6118392919003963,-1.1897523403167725,2.0165033489465714
contrarian,positive,2,speculative,100,0.5459109064936638,-0.807461142539978,1.7306353449821472
contrarian,positive,3,skeptical,200,0.45339543603360655,-0.7956159710884094,1.945794403553009
contrarian,positive,4,entertaining,100,0.44145677782595155,-0.7178139686584473,2.2072834968566895
contrarian,negative,1,data_driven,100,-0.10593736462295056,-1.2882395684719086,1.5487669557332993
contrarian,negative,2,optimistic,200,0.10714697286486626,-1.2384348809719086,1.571673259139061
contrarian,negative,3,supportive,200,0.10884990356862545,-1.3130431771278381,1.4842135906219482
contrarian,negative,4,concise,120,0.132598706583182,-1.392138421535492,1.725760817527771
convergent,positive,1,data_driven,100,0.34968717843294145,-0.6269024610519409,1.443664237856865
convergent,positive,2,methodical,200,0.24811269916594028,-0.4903838634490967,1.4254996255040169
convergent,positive,3,strategic,100,0.17750227928161622,-0.8888158798217773,0.9520864486694336
convergent,positive,4,stoic,90,0.15514083504676818,-0.6032304763793945,0.8803891837596893
convergent,negative,1,optimistic,200,-0.03613827362656594,-0.8048625588417053,0.8092969655990601
convergent,negative,2,inspirational,100,-0.002051045596599579,-0.7746388912200928,0.7906043529510498
convergent,negative,3,humble,100,0.008782962709665299,-1.1989283859729767,0.7583645582199097
convergent,negative,4,accessible,100,0.01271321251988411,-0.8195240497589111,1.2306808233261108
creative,positive,1,inspirational,100,0.4766043323278427,-0.1943596601486206,1.5942256450653076
creative,positive,2,speculative,100,0.39404104709625243,-0.5810801982879639,1.4670350551605225
creative,positive,3,verbose,100,0.312720410823822,-0.5304199457168579,0.9919991493225098
creative,positive,4,playful,100,0.31138081196695566,-1.0632977485656738,2.125362042337656
creative,negative,1,data_driven,100,-0.04297357678413391,-0.8593895435333252,1.091161847114563
creative,negative,2,concise,120,0.03672176003456116,-1.1328308582305908,0.8225784301757812
creative,negative,3,methodical,200,0.07571026384830475,-0.6168756484985352,0.8425521850585938
creative,negative,4,practical,200,0.08387600481510163,-0.6231178045272827,0.8935381174087524
critical,positive,1,pessimistic,200,0.46670272573828697,-1.0852264165878296,1.9327389001846313
critical,positive,2,speculative,100,0.42383924961090086,-0.6054641604423523,1.6991727352142334
critical,positive,3,big_picture,100,0.3256607642769814,-0.4663360118865967,1.2943395972251892
critical,positive,4,skeptical,200,0.30603371635079385,-0.8415459990501404,1.5573309659957886
critical,negative,1,data_driven,100,-0.2789946708083153,-1.5528080761432648,1.3203703165054321
critical,negative,2,factual,100,0.04559247940778732,-1.1171428561210632,1.177685022354126
critical,negative,3,accessible,100,0.05628050111234188,-0.9321455955505371,1.44032821059227
critical,negative,4,practical,200,0.05791720755398273,-0.7172673046588898,1.14536052942276
cruel,positive,1,data_driven,100,0.2686444342136383,-0.33270859718322754,0.9948849678039551
cruel,positive,2,factual,100,0.08399385213851929,-0.3770871162414551,0.737008810043335
cruel,positive,3,entertaining,100,0.08136646032333374,-0.7224259376525879,1.358328938484192
cruel,positive,4,skeptical,200,0.07237272500991822,-0.47559022903442383,0.6196160316467285
cruel,negative,1,empathetic,200,-0.22242329835891725,-1.0101311206817627,0.3913705348968506
cruel,negative,2,optimistic,200,-0.17082800030708312,-2.6591618061065674,0.4689004421234131
cruel,negative,3,inspirational,100,-0.1660340642929077,-1.0838627815246582,0.47573256492614746
cruel,negative,4,inclusive,100,-0.1555692458152771,-2.623966932296753,0.7578485012054443
cryptic,positive,1,inspirational,100,0.3576003381609917,-0.21925103664398193,1.38589745759964
cryptic,positive,2,speculative,100,0.2757721307873726,-0.18979120254516602,1.9104506075382233
cryptic,positive,3,verbose,100,0.24914528131484986,-0.3885420560836792,1.083480715751648
cryptic,positive,4,entertaining,100,0.21713770866394044,-0.44977355003356934,1.4452264308929443
cryptic,negative,1,accessible,100,-0.010560749173164368,-0.712378978729248,0.34148263931274414
cryptic,negative,2,casual,100,0.011456376910209655,-0.7184668779373169,0.636766254901886
cryptic,negative,3,practical,200,0.015029938220977783,-0.45739781856536865,0.8020261526107788
cryptic,negative,4,humble,100,0.020099362134933473,-0.778641402721405,0.6027727127075195
curious,positive,1,inspirational,100,0.3351563000679016,-0.308046817779541,1.0680475234985352
curious,positive,2,verbose,100,0.24957107305526732,-0.34036731719970703,1.225480079650879
curious,positive,3,optimistic,200,0.1966034758090973,-0.6683619022369385,3.3760300874710083
curious,positive,4,big_picture,100,0.19578112483024598,-0.684950590133667,1.430054783821106
curious,negative,1,data_driven,100,-0.2377604866027832,-0.9996941089630127,0.5397262573242188
curious,negative,2,casual,100,-0.11713690757751465,-1.7007765769958496,0.9311869144439697
curious,negative,3,spontaneous,100,-0.10790375232696534,-0.6758129596710205,0.513214111328125
curious,negative,4,skeptical,200,-0.0868999195098877,-0.6740593910217285,0.5164608955383301
cynical,positive,1,pessimistic,200,0.3431204770505428,-0.7832755446434021,1.882492646574974
cynical,positive,2,skeptical,200,0.2817115578055382,-0.6619913578033447,1.1934601068496704
cynical,positive,3,entertaining,100,0.27699555523693564,-0.6130087375640869,1.6306344270706177
cynical,positive,4,playful,100,0.23881265312433242,-0.5867213904857635,1.4704316854476929
cynical,negative,1,optimistic,200,-0.14775981813669203,-1.6740046441555023,0.9636732339859009
cynical,negative,2,inspirational,100,-0.12153874024748802,-1.0030429363250732,1.0313612818717957
cynical,negative,3,empathetic,200,-0.0884026437997818,-1.130642294883728,1.7127604484558105
cynical,negative,4,supportive,200,-0.0620292603969574,-0.8366678953170776,1.7679849565029144
data_driven,positive,1,data_driven,100,1.5260991804301738,-0.4344789981842041,3.228340208530426
data_driven,positive,2,factual,100,0.3397601883113384,-0.9279651641845703,2.961890161037445
data_driven,positive,3,methodical,200,0.19768433883786202,-1.1767852306365967,2.6009036898612976
data_driven,positive,4,educational,200,0.0897513672709465,-1.1255567073822021,2.647454857826233
data_driven,negative,1,empathetic,200,-0.4451538372039795,-1.849463701248169,1.5920863151550293
data_driven,negative,2,inspirational,100,-0.4258677077293396,-1.527335286140442,0.6376718282699585
data_driven,negative,3,narrative,100,-0.36719609558582306,-2.7196486592292786,1.4310262203216553
data_driven,negative,4,inclusive,100,-0.36041047364473344,-2.881725937128067,0.6506843566894531
decisive,positive,1,data_driven,100,0.2934570094756782,-0.5533643364906311,1.0929745435714722
decisive,positive,2,factual,100,-0.019364297017455102,-1.062455415725708,0.7709323763847351
decisive,positive,3,formal,100,-0.02658849596977234,-1.3117995262145996,0.5139479637145996
decisive,positive,4,confident,100,-0.03442473389208317,-1.0060323476791382,1.0806809067726135
decisive,negative,1,pessimistic,200,-0.35900183945894243,-1.251853346824646,0.46012789011001587
decisive,negative,2,spontaneous,100,-0.3567933903634548,-1.4587500095367432,0.413091778755188
decisive,negative,3,casual,100,-0.3514468415081501,-1.5073429346084595,0.7504569888114929
decisive,negative,4,humble,100,-0.34395432569086554,-1.6647922992706299,0.5910279154777527
deconstructionist,positive,1,pessimistic,200,0.4827460800111294,-1.1467257738113403,1.7806823402643204
deconstructionist,positive,2,speculative,100,0.4709941045939922,-0.6379353404045105,1.8213399946689606
deconstructionist,positive,3,verbose,100,0.35179696545004846,-0.46653884649276733,1.824847862124443
deconstructionist,positive,4,skeptical,200,0.3510605177283287,-0.720216691493988,1.3393604904413223
deconstructionist,negative,1,data_driven,100,0.07405441150069236,-1.161618411540985,1.4535839557647705
deconstructionist,negative,2,supportive,200,0.10489249154925347,-1.3004817366600037,1.383909523487091
deconstructionist,negative,3,concise,120,0.10888116036852201,-0.8885020017623901,1.0226304233074188
deconstructionist,negative,4,practical,200,0.11874319329857826,-0.8422530889511108,1.1573625206947327
deontological,positive,1,formal,100,0.00441220760345459,-0.756258487701416,0.978879451751709
deontological,positive,2,verbose,100,0.002559237480163574,-1.428900957107544,0.861086368560791
deontological,positive,3,traditional,95,-0.041213198711997585,-1.0513944625854492,0.7128105163574219
deontological,positive,4,conscientious,100,-0.046569722890853885,-0.8515610694885254,4.378680348396301
deontological,negative,1,data_driven,100,-0.498822386264801,-1.478309154510498,0.31403517723083496
deontological,negative,2,skeptical,200,-0.2878989100456238,-1.484438419342041,0.4583287239074707
deontological,negative,3,anxious,200,-0.2732923698425293,-1.557548999786377,0.31635475158691406
deontological,negative,4,pessimistic,200,-0.2504557943344116,-1.2039051055908203,1.0754802227020264
detached,positive,1,formal,100,0.034246432781219485,-0.6742509603500366,0.6954441070556641
detached,positive,2,methodical,200,0.02236854612827301,-0.5571539402008057,0.8109097480773926
detached,positive,3,data_driven,100,-0.033092689514160153,-0.7996038198471069,1.1543676853179932
detached,positive,4,factual,100,-0.03486075520515442,-0.7915205955505371,0.8128924369812012
detached,negative,1,inspirational,100,-0.5356295058131217,-1.593576580286026,0.20822739601135254
detached,negative,2,empathetic,200,-0.4722495001554489,-1.5218141376972198,0.5937384366989136
detached,negative,3,entertaining,100,-0.4695114037394524,-1.496369481086731,0.1602468490600586
detached,negative,4,playful,100,-0.4197628635168076,-2.363454222679138,1.1219220161437988
deterministic,positive,1,speculative,100,0.26801361951977015,-0.5280807018280029,1.4601632356643677
deterministic,positive,2,verbose,100,0.25334274988621475,-0.40321651101112366,1.0489691495895386
deterministic,positive,3,entertaining,100,0.23401946295052767,-0.41741204261779785,1.1496440470218658
deterministic,positive,4,data_driven,100,0.21250801853835583,-0.49039629101753235,1.0030655190348625
deterministic,negative,1,empathetic,200,0.0005370508134365082,-0.5182828903198242,0.7650175392627716
deterministic,negative,2,optimistic,200,0.015135845020413399,-1.1613689363002777,0.8034309595823288
deterministic,negative,3,accessible,100,0.02009650632739067,-0.7993735074996948,0.7191205322742462
deterministic,negative,4,humble,100,0.02050474738702178,-1.0527716130018234,0.7198804020881653
diplomatic,positive,1,problem_solving,100,0.02115928888320923,-0.8382751941680908,1.0154345035552979
diplomatic,positive,2,formal,100,0.02001798987388611,-0.6325340270996094,1.0471971035003662
diplomatic,positive,3,adaptable,100,-0.0005665278434753418,-0.8143291473388672,0.7145414352416992
diplomatic,positive,4,accessible,100,-0.021028454303741454,-0.7377972602844238,0.6368458271026611
diplomatic,negative,1,entertaining,100,-0.38206954836845397,-1.7953839302062988,0.7434945106506348
diplomatic,negative,2,pessimistic,200,-0.33700880885124207,-1.8656812906265259,1.337339162826538
diplomatic,negative,3,playful,100,-0.30493893146514894,-2.3576111793518066,2.1048357486724854
diplomatic,negative,4,speculative,100,-0.2453334426879883,-1.5593981742858887,0.7202401161193848
disorganized,positive,1,entertaining,100,0.5006384709477425,-0.554865837097168,2.064200073480606
disorganized,positive,2,playful,100,0.41625661522150037,-1.9012310206890106,1.7270176410675049
disorganized,positive,3,pessimistic,200,0.401263964176178,-0.95172119140625,1.3982434272766113
disorganized,positive,4,spontaneous,100,0.3921393585205078,-0.10672712326049805,1.2553443908691406
disorganized,negative,1,formal,100,-0.06669793486595153,-0.7940632104873657,0.43697595596313477
disorganized,negative,2,methodical,200,0.04833231806755066,-0.6696486473083496,0.9316825866699219
disorganized,negative,3,verbose,100,0.06020164012908936,-0.589592456817627,1.2695302963256836
disorganized,negative,4,concise,120,0.09616837898890178,-0.6115624904632568,1.4302849769592285
dispassionate,positive,1,data_driven,100,0.3226234431564808,-0.9827079623937607,1.2029517889022827
dispassionate,positive,2,factual,100,0.04035845197737217,-0.9561737775802612,1.0172669291496277
dispassionate,positive,3,methodical,200,0.012564893960952759,-0.847864955663681,0.6359999775886536
dispassionate,positive,4,practical,200,-0.03357050359249115,-1.094877690076828,0.9039301425218582
dispassionate,negative,1,inspirational,100,-0.726310593560338,-2.0023789405822754,0.14627909660339355
dispassionate,negative,2,empathetic,200,-0.5805351382493973,-1.8343411087989807,0.518284872174263
dispassionate,negative,3,entertaining,100,-0.5532569043338299,-1.6402300000190735,0.7526615858078003
dispassionate,negative,4,playful,100,-0.5295824064314365,-2.5151290595531464,0.13889557123184204
dogmatic,positive,1,entertaining,100,0.25232172071933745,-0.7431776523590088,1.5558200478553772
dogmatic,positive,2,playful,100,0.20125010773539542,-1.9593646675348282,2.104296863079071
dogmatic,positive,3,inspirational,100,0.19556634426116942,-0.5309362411499023,1.1316395998001099
dogmatic,positive,4,pessimistic,200,0.14809086561203003,-1.2100986242294312,1.487884283065796
dogmatic,negative,1,adaptable,100,-0.04992705464363098,-0.4881700277328491,0.8343873023986816
dogmatic,negative,2,problem_solving,100,-0.04199043869972229,-0.8136935234069824,0.70979905128479
dogmatic,negative,3,humble,100,-0.02106568604707718,-2.3668080866336823,0.7305035591125488
dogmatic,negative,4,cautious,200,-0.02041830688714981,-2.576141268014908,1.2008283138275146
dominant,positive,1,formal,100,0.23770039319992065,-0.46593016386032104,0.7611228972673416
dominant,positive,2,data_driven,100,0.18970793277025222,-0.5725430995225906,0.9982317686080933
dominant,positive,3,strategic,100,0.14966179996728898,-0.6088021993637085,0.9715200811624527
dominant,positive,4,verbose,100,0.14643619187176227,-0.5532821416854858,0.8454633727669716
dominant,negative,1,casual,100,-0.23030367448925973,-1.7354483604431152,1.233268454670906
dominant,negative,2,spontaneous,100,-0.22046879142522813,-1.0333203673362732,0.5187638998031616
dominant,negative,3,pessimistic,200,-0.21789257988333702,-1.370707556605339,0.5209625959396362
dominant,negative,4,humble,100,-0.19440639078617095,-1.303868293762207,0.8620308190584183
dramatic,positive,1,inspirational,100,0.6027361251413822,-0.0705518126487732,1.6900379061698914
dramatic,positive,2,speculative,100,0.40913268357515337,-0.19812774658203125,2.211360275745392
dramatic,positive,3,verbose,100,0.3739893475174904,-0.5159183144569397,1.3024971783161163
dramatic,positive,4,playful,100,0.3419013234972954,-0.5418937802314758,3.2536587715148926
dramatic,negative,1,data_driven,100,-0.030290808975696564,-0.7772769927978516,0.8442475497722626
dramatic,negative,2,practical,200,0.0034302687644958496,-0.548768013715744,0.8230250477790833
dramatic,negative,3,accessible,100,0.043887603580951694,-0.4823656380176544,0.7643545567989349
dramatic,negative,4,concise,120,0.05707736909389496,-0.4657337963581085,0.4118863344192505
earnest,positive,1,inspirational,100,0.1957492399215698,-0.7534406185150146,1.0907182693481445
earnest,positive,2,optimistic,200,0.11192268863320351,-0.9478912353515625,3.9939441829919815
earnest,positive,3,formal,100,0.0958072590827942,-0.5915298461914062,0.9138975143432617
earnest,positive,4,inclusive,100,0.07155215278267861,-1.2681138515472412,3.723616138100624
earnest,negative,1,data_driven,100,-0.5781207203865051,-1.5070877075195312,0.43784284591674805
earnest,negative,2,entertaining,100,-0.3408892488479614,-2.0878684520721436,0.9061694145202637
earnest,negative,3,spontaneous,100,-0.29061801671981813,-1.3912577629089355,0.37191152572631836
earnest,negative,4,skeptical,200,-0.2780912709236145,-1.1126859188079834,0.6341342926025391
eclectic,positive,1,inspirational,100,0.466849807202816,-0.5576169937849045,1.5468040704727173
eclectic,positive,2,speculative,100,0.39555619962513444,-0.3029111325740814,2.460804045200348
eclectic,positive,3,verbose,100,0.3747858024388552,-0.4789566397666931,1.7552129030227661
eclectic,positive,4,entertaining,100,0.35645871743559837,-0.49261391162872314,3.06427001953125
eclectic,negative,1,concise,120,0.038905445983012515,-0.8729448914527893,1.202903926372528
eclectic,negative,2,casual,100,0.055878742933273315,-0.8278048634529114,1.578331172466278
eclectic,negative,3,practical,200,0.05615485623478889,-0.8072221279144287,1.2240203469991684
eclectic,negative,4,accessible,100,0.060987530723214146,-0.9534799307584763,0.9740551114082336
edgy,positive,1,data_driven,100,0.5426389741897583,-0.6987800598144531,1.82063889503479
edgy,positive,2,entertaining,100,0.4609619092941284,-0.5256373882293701,2.172029733657837
edgy,positive,3,pessimistic,200,0.40586975574493406,-1.0655651092529297,1.984858512878418
edgy,positive,4,playful,100,0.3750550377368927,-2.9388054609298706,2.7246744632720947
edgy,negative,1,formal,100,-0.0004055190086364746,-1.0703120231628418,0.6399126052856445
edgy,negative,2,inclusive,100,0.03473752737045288,-3.7107908725738525,1.1343655586242676
edgy,negative,3,optimistic,200,0.045435729026794436,-3.870588541030884,1.2050209045410156
edgy,negative,4,accessible,100,0.053595712184906004,-0.703932523727417,1.1608314514160156
educational,positive,1,verbose,100,0.12225033760070801,-0.6426467895507812,1.0844693183898926
educational,positive,2,formal,100,0.09424940586090087,-0.4570424556732178,1.0408926010131836
educational,positive,3,inspirational,100,0.06620895385742187,-0.5911037921905518,0.6997461318969727
educational,positive,4,optimistic,200,0.057095744013786316,-0.879570722579956,4.215506494045258
educational,negative,1,entertaining,100,-0.195356764793396,-2.2780086994171143,1.103752851486206
educational,negative,2,spontaneous,100,-0.16933769464492798,-0.9497959613800049,0.6337563991546631
educational,negative,3,skeptical,200,-0.1639889359474182,-0.6686747074127197,0.5921151638031006
educational,negative,4,casual,100,-0.1466640853881836,-1.4424412250518799,0.7730364799499512
effusive,positive,1,inspirational,100,0.34773273825645445,-0.22345852851867676,1.1686415672302246
effusive,positive,2,entertaining,100,0.32434377193450925,-0.3217735290527344,1.5494508743286133
effusive,positive,3,data_driven,100,0.32425527334213256,-0.7678561210632324,1.3293111324310303
effusive,positive,4,playful,100,0.31863239526748655,-1.4408501386642456,1.9525071382522583
effusive,negative,1,formal,100,-0.029605709314346314,-0.6087353229522705,0.5370244979858398
effusive,negative,2,methodical,200,0.019004156589508058,-0.5164694786071777,0.7550582885742188
effusive,negative,3,stoic,90,0.024394863181644015,-0.6565690040588379,0.7471554279327393
effusive,negative,4,accessible,100,0.04061934113502502,-0.5879523754119873,0.7481138706207275
egalitarian,positive,1,optimistic,200,0.06738482654094696,-1.0374822616577148,6.930968940258026
egalitarian,positive,2,big_picture,100,0.04680360317230225,-1.0120773315429688,2.0972232818603516
egalitarian,positive,3,inclusive,100,0.013987757563591004,-1.1319355964660645,6.1557576060295105
egalitarian,positive,4,formal,100,0.005284652709960937,-1.1024889945983887,1.3151788711547852
egalitarian,negative,1,data_driven,100,-0.6514670133590699,-1.923882007598877,0.4627361297607422
egalitarian,negative,2,entertaining,100,-0.3144257640838623,-3.355315685272217,1.539167881011963
egalitarian,negative,3,skeptical,200,-0.2681134223937988,-1.3371315002441406,0.9126720428466797
egalitarian,negative,4,spontaneous,100,-0.2512085247039795,-1.2336721420288086,0.9072799682617188
elitist,positive,1,data_driven,100,0.7989546298980713,-0.6408891677856445,2.1310195922851562
elitist,positive,2,entertaining,100,0.306040301322937,-1.3902873992919922,3.1624507904052734
elitist,positive,3,factual,100,0.2616614294052124,-0.6975297927856445,1.7101449966430664
elitist,positive,4,skeptical,200,0.2568251323699951,-1.005608081817627,1.3362054824829102
elitist,negative,1,optimistic,200,-0.017352070808410645,-7.210086345672607,1.3485851287841797
elitist,negative,2,big_picture,100,-0.014440875053405761,-2.065007209777832,1.08447265625
elitist,negative,3,inclusive,100,-0.01289717197418213,-6.44158935546875,1.0575714111328125
elitist,negative,4,accessible,100,0.013631434440612792,-0.9160890579223633,0.8058838844299316
eloquent,positive,1,inspirational,100,0.719269258454442,0.026582524180412292,2.1633151173591614
eloquent,positive,2,verbose,100,0.5314855661988258,-0.6220722198486328,1.571147382259369
eloquent,positive,3,speculative,100,0.48925940779969096,-0.46864142268896103,2.511146903038025
eloquent,positive,4,big_picture,100,0.39913027562201026,-0.4792848825454712,1.6457539200782776
eloquent,negative,1,data_driven,100,-0.010474246665835381,-0.8864914774894714,0.9916706681251526
eloquent,negative,2,casual,100,0.02113118503242731,-0.7697770595550537,0.8069852590560913
eloquent,negative,3,practical,200,0.021438499614596367,-0.6959069669246674,0.8932625651359558
eloquent,negative,4,accessible,100,0.03074549335986376,-0.698650598526001,0.8831419944763184
emotional,positive,1,inspirational,100,0.5813516348600387,-0.19761526584625244,2.054810881614685
emotional,positive,2,entertaining,100,0.5189851689338684,-0.21767860651016235,1.5569792687892914
emotional,positive,3,empathetic,200,0.4967637050151825,-0.46247631311416626,1.8440756797790527
emotional,positive,4,playful,100,0.48233179450035096,-0.3046993017196655,2.5099366903305054
emotional,negative,1,data_driven,100,-0.013840405344963074,-1.1530314683914185,1.0327665507793427
emotional,negative,2,methodical,200,0.017366576194763183,-0.6134705543518066,0.6782046556472778
emotional,negative,3,formal,100,0.025933026373386382,-0.5893315672874451,0.6971532702445984
emotional,negative,4,factual,100,0.06067703366279602,-0.682466983795166,0.7844769954681396
empathetic,positive,1,empathetic,200,0.5268478104472161,-0.4672243595123291,1.5891099572181702
empathetic,positive,2,entertaining,100,0.5043336594104767,-0.27541399002075195,1.804183840751648
empathetic,positive,3,pessimistic,200,0.4808734306693077,-0.40714192390441895,1.5771086812019348
empathetic,positive,4,inspirational,100,0.45831648230552674,-0.346065878868103,1.5832245349884033
empathetic,negative,1,formal,100,-0.02513094127178192,-0.6906608939170837,0.6279188394546509
empathetic,negative,2,data_driven,100,0.015234454870223998,-0.8239891529083252,0.9035425186157227
empathetic,negative,3,methodical,200,0.01775436818599701,-0.7061988115310669,0.7422659397125244
empathetic,negative,4,factual,100,0.05839885652065277,-0.903435468673706,0.806119441986084
enigmatic,positive,1,inspirational,100,0.46258838087320325,-0.1260143518447876,1.6008642315864563
enigmatic,positive,2,speculative,100,0.3883258235454559,-0.1470344066619873,1.9341720342636108
enigmatic,positive,3,entertaining,100,0.3585762378573418,-0.3599296808242798,1.2682825028896332
enigmatic,positive,4,playful,100,0.32574621826410294,-0.5815634727478027,3.45232093334198
enigmatic,negative,1,accessible,100,0.08203894138336182,-0.5136340856552124,0.5112587213516235
enigmatic,negative,2,concise,120,0.08217447996139526,-0.43438053131103516,0.5809570550918579
enigmatic,negative,3,practical,200,0.08404331386089325,-0.5045250654220581,0.7707434892654419
enigmatic,negative,4,data_driven,100,0.08926671922206879,-0.6484944820404053,0.8382019400596619
entertaining,positive,1,playful,100,0.5577616956830025,-0.046845316886901855,1.6765414476394653
entertaining,positive,2,entertaining,100,0.5523595380783081,-0.36915743350982666,1.418578326702118
entertaining,positive,3,inspirational,100,0.47620664224028586,-0.17338666319847107,1.4359083473682404
entertaining,positive,4,speculative,100,0.4089672457426786,-0.11740267276763916,1.222178965806961
entertaining,negative,1,data_driven,100,-0.07946960248053074,-0.7413669228553772,0.9248185157775879
entertaining,negative,2,methodical,200,0.04262566015124321,-0.4858627915382385,0.6099760830402374
entertaining,negative,3,formal,100,0.07325946360826492,-0.42619675397872925,0.6692686229944229
entertaining,negative,4,factual,100,0.08474918685853482,-0.4659149944782257,0.6998990625143051
environmental,positive,1,inspirational,100,0.19101603865623473,-0.5847322940826416,0.9747414588928223
environmental,positive,2,optimistic,200,0.15733586758375168,-1.0113813877105713,2.6022227704524994
environmental,positive,3,big_picture,100,0.13468301057815552,-0.5427803993225098,1.4065465927124023
environmental,positive,4,inclusive,100,0.11449808925390244,-0.7754144668579102,2.18937024474144
environmental,negative,1,data_driven,100,-0.25819454789161683,-1.3613364696502686,1.0255746841430664
environmental,negative,2,methodical,200,-0.13142988443374634,-1.4644198417663574,0.4674556255340576
environmental,negative,3,skeptical,200,-0.08520204901695251,-0.7124319076538086,0.5381879806518555
environmental,negative,4,entertaining,100,-0.07158280849456787,-1.8584328889846802,1.0679739713668823
epicurean,positive,1,inspirational,100,0.42946862056851387,-0.16675499081611633,1.26983243227005
epicurean,positive,2,verbose,100,0.33025141909718514,-0.5844326317310333,0.9925208389759064
epicurean,positive,3,speculative,100,0.25623468473553657,-0.4734139144420624,1.742606282234192
epicurean,positive,4,formal,100,0.25320381961762906,-0.24743416905403137,0.897718608379364
epicurean,negative,1,casual,100,-0.04591321259737015,-0.7458607852458954,0.5943833589553833
epicurean,negative,2,practical,200,-0.01136560097336769,-0.5992440283298492,0.5188469439744949
epicurean,negative,3,spontaneous,100,-0.010089423060417175,-0.7285609841346741,0.472161129117012
epicurean,negative,4,accessible,100,0.0006494756788015365,-0.5302311033010483,0.5209786146879196
esoteric,positive,1,verbose,100,0.4009676723182201,-0.32980453968048096,1.6270012259483337
esoteric,positive,2,formal,100,0.3683201864361763,-0.4248557686805725,1.226119875907898
esoteric,positive,3,data_driven,100,0.36375646650791166,-0.7457344830036163,1.1895677745342255
esoteric,positive,4,inspirational,100,0.3209807649254799,-0.3619190454483032,1.5936756134033203
esoteric,negative,1,casual,100,-0.08092131674289703,-1.0003955364227295,1.1624610722064972
esoteric,negative,2,accessible,100,-0.06768403887748718,-0.6438517570495605,0.6792330741882324
esoteric,negative,3,empathetic,200,-0.02684108793735504,-0.6803913116455078,0.8274571895599365
esoteric,negative,4,humble,100,0.005878757834434509,-1.130637675523758,0.7536967992782593
essentialist,positive,1,data_driven,100,0.17754517316818239,-0.6573996543884277,1.0394957065582275
essentialist,positive,2,formal,100,-0.022145422101020815,-0.5759572982788086,0.901697039604187
essentialist,positive,3,methodical,200,-0.035669879615306856,-0.8440662622451782,0.703860729932785
essentialist,positive,4,confident,100,-0.043791671395301816,-0.8259370923042297,0.58282071352005
essentialist,negative,1,humble,100,-0.30599828958511355,-1.5692701935768127,0.4988144636154175
essentialist,negative,2,cautious,200,-0.25949931621551514,-1.0617791414260864,0.708202600479126
essentialist,negative,3,pessimistic,200,-0.25654591381549835,-1.1520764827728271,0.7273715734481812
essentialist,negative,4,anxious,200,-0.24253278255462646,-1.2053561210632324,0.3873765468597412
ethereal,positive,1,inspirational,100,0.44434746086597443,-0.14799344539642334,1.4938493967056274
ethereal,positive,2,speculative,100,0.2736048501729965,-0.13141822814941406,1.8736068606376648
ethereal,positive,3,verbose,100,0.249337717294693,-0.3491465151309967,0.9790983200073242
ethereal,positive,4,narrative,100,0.19451228857040406,-0.5033312439918518,1.1523633003234863
ethereal,negative,1,data_driven,100,-0.05502200901508331,-0.7055575847625732,0.5689894556999207
ethereal,negative,2,practical,200,-0.022512247264385225,-0.46260982751846313,0.553748607635498
ethereal,negative,3,casual,100,0.008796663284301757,-0.495086133480072,0.4247243404388428
ethereal,negative,4,accessible,100,0.015741780996322632,-0.7615610361099243,0.5021375417709351
existentialist,positive,1,inspirational,100,0.36720706850290297,-0.22336935997009277,1.3669357299804688
existentialist,positive,2,empathetic,200,0.3051586306095123,-0.33933210372924805,1.6768797636032104
existentialist,positive,3,entertaining,100,0.2709184119105339,-0.29166316986083984,1.1073031425476074
existentialist,positive,4,playful,100,0.26312315732240676,-0.6683692336082458,1.5593921542167664
existentialist,negative,1,factual,100,-0.006589475274085999,-1.0161415338516235,0.6482038497924805
existentialist,negative,2,data_driven,100,0.007439393997192383,-0.6342388987541199,0.7159674167633057
existentialist,negative,3,formal,100,0.02010487496852875,-0.5643761157989502,0.48206496238708496
existentialist,negative,4,educational,200,0.031804882884025575,-0.7001857757568359,0.6450234651565552
experiential,positive,1,data_driven,100,0.689384604357183,-0.6271716356277466,1.8084414303302765
experiential,positive,2,factual,100,0.21628197375684977,-0.5939596891403198,1.5656623542308807
experiential,positive,3,practical,200,0.15629821546375752,-0.5767096281051636,1.3253443613648415
experiential,positive,4,entertaining,100,0.15316888704895973,-1.1892421245574951,1.166367381811142
experiential,negative,1,formal,100,-0.1814980161190033,-1.1547019481658936,0.6645705699920654
experiential,negative,2,verbose,100,-0.12691509008407592,-1.1115679740905762,1.5880126953125
experiential,negative,3,big_picture,100,-0.11674073457717896,-0.7832326889038086,0.9128260612487793
experiential,negative,4,stoic,90,-0.062085940109358896,-0.7884870767593384,0.8204751014709473
extroverted,positive,1,inspirational,100,0.30223860815167425,-0.214560866355896,1.3489682078361511
extroverted,positive,2,optimistic,200,0.21550723113119602,-0.2944820523262024,1.1522410809993744
extroverted,positive,3,playful,100,0.13370268329977988,-0.6398766487836838,0.9448535740375519
extroverted,positive,4,empathetic,200,0.11449727244675159,-0.4458296000957489,0.8444080352783203
extroverted,negative,1,skeptical,200,-0.05645191833376884,-0.6794715449213982,0.5373348593711853
extroverted,negative,2,stoic,90,-0.03231012978487545,-0.6838595271110535,0.5361977815628052
extroverted,negative,3,methodical,200,-0.028094092160463335,-0.5184342265129089,0.45680826902389526
extroverted,negative,4,pessimistic,200,-0.027253255359828473,-0.605809211730957,0.4581308662891388
fatalistic,positive,1,speculative,100,0.3177963842451572,-0.5294053554534912,1.535718023777008
fatalistic,positive,2,entertaining,100,0.3021612064540386,-0.5664275884628296,1.4953483939170837
fatalistic,positive,3,pessimistic,200,0.2600460659712553,-0.8705540299415588,1.3893928229808807
fatalistic,positive,4,verbose,100,0.25762571454048155,-0.374531626701355,1.2768335044384003
fatalistic,negative,1,data_driven,100,0.001138736829161644,-0.7431602627038956,0.7117558345198631
fatalistic,negative,2,practical,200,0.004746316075325012,-0.7704786658287048,0.7406026124954224
fatalistic,negative,3,problem_solving,100,0.025228583961725237,-0.901358962059021,0.8271968960762024
fatalistic,negative,4,concise,120,0.04216418166955312,-0.5516079664230347,0.8814308643341064
flexible,positive,1,problem_solving,100,0.02172776699066162,-0.656024694442749,0.8711526393890381
flexible,positive,2,optimistic,200,0.017060829401016234,-0.8617849349975586,3.5321308374404907
flexible,positive,3,accessible,100,0.013770065307617187,-0.6171798706054688,0.6049060821533203
flexible,positive,4,adaptable,100,0.010802550315856934,-1.089219093322754,0.6051149368286133
flexible,negative,1,data_driven,100,-0.22346618056297302,-1.102693796157837,0.4903984069824219
flexible,negative,2,pessimistic,200,-0.20325672388076782,-1.227860927581787,1.0287833213806152
flexible,negative,3,entertaining,100,-0.18591611385345458,-1.7377516031265259,0.7032442092895508
flexible,negative,4,skeptical,200,-0.18325133442878724,-1.0481631755828857,0.6754262447357178
flippant,positive,1,entertaining,100,0.5533026921749115,-0.5105743408203125,2.615470290184021
flippant,positive,2,data_driven,100,0.5246120667457581,-0.6813693046569824,1.816236972808838
flippant,positive,3,playful,100,0.4817085129022598,-3.0157009959220886,2.221770763397217
flippant,positive,4,spontaneous,100,0.4088393759727478,-0.3671693801879883,1.3245391845703125
flippant,negative,1,formal,100,-0.0794996452331543,-1.034437656402588,0.7808175086975098
flippant,negative,2,verbose,100,0.037281386852264405,-0.7909417152404785,1.3523058891296387
flippant,negative,3,big_picture,100,0.05024940252304077,-1.1701626777648926,0.9013376235961914
flippant,negative,4,serious,100,0.07060853481292724,-0.9092836380004883,0.9160585403442383
flirty,positive,1,entertaining,100,0.3832324969768524,-0.16622185707092285,1.3800809383392334
flirty,positive,2,data_driven,100,0.3541804480552673,-0.678856372833252,1.1307141780853271
flirty,positive,3,inspirational,100,0.3394213080406189,-0.28910183906555176,1.115098237991333
flirty,positive,4,playful,100,0.3273005285859108,-1.4531601667404175,2.3550032675266266
flirty,negative,1,formal,100,0.0767336106300354,-0.6211051940917969,0.5004656314849854
flirty,negative,2,concise,120,0.07852431734402975,-0.45358824729919434,1.1566892862319946
flirty,negative,3,accessible,100,0.07856198310852051,-0.3499448299407959,0.6998848915100098
flirty,negative,4,problem_solving,100,0.09710581541061401,-0.5522384643554688,0.9599978923797607
forgiving,positive,1,empathetic,200,0.3442127925157547,-0.1877368688583374,1.4048234224319458
forgiving,positive,2,inspirational,100,0.29538281381130216,-0.19711315631866455,1.5715627074241638
forgiving,positive,3,optimistic,200,0.28890946120023725,-0.06180852651596069,1.5846004486083984
forgiving,positive,4,humble,100,0.27668519884347914,-0.5240572094917297,1.3871484994888306
forgiving,negative,1,data_driven,100,-0.15951198823750018,-0.6749511957168579,0.4636690840125084
forgiving,negative,2,methodical,200,-0.0025258746556937692,-0.5200570821762085,0.6983243227005005
forgiving,negative,3,factual,100,0.00015952885150909423,-0.7738062143325806,0.6995100975036621
forgiving,negative,4,formal,100,0.000585501715540886,-0.6677858233451843,0.7557237148284912
formal,positive,1,formal,100,0.22847649455070496,-0.35021018981933594,0.9215927124023438
formal,positive,2,verbose,100,0.09294791698455811,-0.7705264091491699,0.7492086887359619
formal,positive,3,methodical,200,0.020150750875473022,-0.7195546627044678,0.8985199928283691
formal,positive,4,big_picture,100,-0.041541820764541625,-0.8254101276397705,0.7435957193374634
formal,negative,1,entertaining,100,-0.5274059736728668,-1.6781073212623596,0.6391239166259766
formal,negative,2,playful,100,-0.4876068294048309,-1.5478880405426025,1.713975429534912
formal,negative,3,spontaneous,100,-0.45271263241767884,-1.22446870803833,0.2841658592224121
formal,negative,4,casual,100,-0.44184769690036774,-2.0426796674728394,0.5060791969299316
fundamentalist,positive,1,data_driven,100,0.6650698065757752,-0.8920016288757324,2.1440269947052
fundamentalist,positive,2,factual,100,0.0930366063117981,-0.7812900543212891,1.524507761001587
fundamentalist,positive,3,methodical,200,0.020420875549316406,-0.8795273303985596,1.5844736099243164
fundamentalist,positive,4,practical,200,-0.039422686100006106,-0.9749183654785156,1.4452152252197266
fundamentalist,negative,1,big_picture,100,-0.36081464529037477,-2.041079521179199,0.9030008316040039
fundamentalist,negative,2,inspirational,100,-0.35094878435134885,-2.0068507194519043,0.5753908157348633
fundamentalist,negative,3,optimistic,200,-0.3412377513945103,-5.101133480668068,0.9194316864013672
fundamentalist,negative,4,empathetic,200,-0.32216716289520264,-1.4586739540100098,1.2957870960235596
futuristic,positive,1,inspirational,100,0.3255023820325732,-1.3231310844421387,1.205615371465683
futuristic,positive,2,speculative,100,0.2964480972662568,-0.9789438247680664,1.580974042415619
futuristic,positive,3,optimistic,200,0.23242322210222482,-1.080352246761322,2.1395542919635773
futuristic,positive,4,strategic,100,0.19636952504515648,-0.6683588027954102,1.3451886773109436
futuristic,negative,1,concise,120,-0.007636649472018083,-1.1960619688034058,0.8272763416171074
futuristic,negative,2,data_driven,100,0.01582900110632181,-1.4637046456336975,1.2102763950824738
futuristic,negative,3,pessimistic,200,0.016006557643413542,-1.4989168643951416,1.4711974263191223
futuristic,negative,4,methodical,200,0.01920682456344366,-1.2299594432115555,0.8268769383430481
goofy,positive,1,data_driven,100,0.5413709449768066,-0.6414446830749512,1.6266133785247803
goofy,positive,2,entertaining,100,0.35215606689453127,-0.3819761276245117,2.3244659900665283
goofy,positive,3,playful,100,0.3019329905509949,-2.912060022354126,1.888817548751831
goofy,positive,4,pessimistic,200,0.219679114818573,-1.1751594543457031,1.0861692428588867
goofy,negative,1,formal,100,-0.0331477952003479,-0.8597207069396973,0.617647647857666
goofy,negative,2,big_picture,100,0.024406676292419435,-0.977323055267334,0.7237856388092041
goofy,negative,3,verbose,100,0.03575172662734985,-0.853635311126709,1.268061876296997
goofy,negative,4,inclusive,100,0.05167352616786957,-3.779734194278717,1.2004718780517578
grandiose,positive,1,inspirational,100,0.6330436995625496,-0.12488794326782227,1.8623722791671753
grandiose,positive,2,verbose,100,0.48297180771827697,-0.5320098996162415,1.6443288624286652
grandiose,positive,3,speculative,100,0.46349550534039735,-0.30746620893478394,2.232812523841858
grandiose,positive,4,entertaining,100,0.35327298477292063,-0.7308253943920135,1.7851433753967285
grandiose,negative,1,accessible,100,0.016589168161153793,-0.591282844543457,0.7354339361190796
grandiose,negative,2,practical,200,0.03278988912701607,-0.5625392198562622,0.9095087647438049
grandiose,negative,3,casual,100,0.03794501408934593,-0.7021426260471344,0.9469752460718155
grandiose,negative,4,concise,120,0.055183139195044834,-0.5320152044296265,0.4981079697608948
gregarious,positive,1,inspirational,100,0.43023312360048294,-0.06884932518005371,1.5973929166793823
gregarious,positive,2,optimistic,200,0.33550245858728883,-0.32347503304481506,1.450556457042694
gregarious,positive,3,entertaining,100,0.3284886646270752,-0.2675700783729553,1.0240621268749237
gregarious,positive,4,empathetic,200,0.32207950741052627,-0.3219272792339325,1.129977986216545
gregarious,negative,1,formal,100,-0.004110792875289917,-0.6012285947799683,0.5214588046073914
gregarious,negative,2,methodical,200,-0.0022974777221679687,-0.6436053514480591,0.5985346734523773
gregarious,negative,3,stoic,90,0.028928610185782116,-1.0888829678297043,0.8494605422019958
gregarious,negative,4,practical,200,0.061914156377315524,-0.3872021436691284,0.7189860343933105
grounded,positive,1,data_driven,100,0.5763224339485169,-0.9323947429656982,2.0595943927764893
grounded,positive,2,practical,200,0.04876845836639404,-1.0888780355453491,1.632044792175293
grounded,positive,3,factual,100,0.009172391891479493,-1.1539251804351807,1.154485821723938
grounded,positive,4,concise,120,-0.03794293999671936,-1.0934128761291504,0.9055941104888916
grounded,negative,1,inspirational,100,-0.5122630393505097,-1.6232054233551025,0.5754605531692505
grounded,negative,2,speculative,100,-0.4828352224826813,-1.3962786197662354,0.5989439487457275
grounded,negative,3,verbose,100,-0.46675616860389707,-2.0088266134262085,0.5464789867401123
grounded,negative,4,big_picture,100,-0.42459755778312686,-2.056854486465454,0.41671085357666016
hedonistic,positive,1,entertaining,100,0.36010687947273257,-0.30642151832580566,1.515167236328125
hedonistic,positive,2,playful,100,0.31203885078430177,-1.6013649106025696,1.8110446333885193
hedonistic,positive,3,data_driven,100,0.30531949520111085,-0.8345639705657959,1.1268970966339111
hedonistic,positive,4,inspirational,100,0.24319881439208985,-0.17574667930603027,1.0881932973861694
hedonistic,negative,1,formal,100,-0.00620136022567749,-0.6003842353820801,0.5505681037902832
hedonistic,negative,2,methodical,200,0.021129870414733888,-0.6000478267669678,1.0115947723388672
hedonistic,negative,3,problem_solving,100,0.028933403491973878,-0.6738653182983398,0.8415188789367676
hedonistic,negative,4,concise,120,0.051451263825098674,-0.5949678421020508,0.7494364976882935
historical,positive,1,data_driven,100,0.7567287968099117,-0.9758219718933105,2.4767630994319916
historical,positive,2,entertaining,100,0.39736064195632936,-0.58640456199646,1.8741625547409058
historical,positive,3,factual,100,0.3958807149529457,-0.5719225406646729,2.4969310462474823
historical,positive,4,traditional,95,0.33591639587753697,-0.4668236970901489,2.408490926027298
historical,negative,1,concise,120,0.014090780417124431,-1.4403458833694458,1.3296337127685547
historical,negative,2,inclusive,100,0.02297784686088562,-2.593766987323761,1.8587212562561035
historical,negative,3,problem_solving,100,0.04227986454963684,-1.4721322059631348,1.1043567657470703
historical,negative,4,supportive,200,0.05287273406982422,-1.0600261688232422,1.144667148590088
hostile,positive,1,data_driven,100,0.44075632095336914,-0.5000021457672119,1.483386516571045
hostile,positive,2,entertaining,100,0.1559770679473877,-0.9538078308105469,1.6492857933044434
hostile,positive,3,factual,100,0.09386926412582397,-0.6164381504058838,1.0422799587249756
hostile,positive,4,playful,100,0.09156995117664338,-2.29234915971756,1.5078033208847046
hostile,negative,1,inclusive,100,-0.1425204849243164,-3.1011030673980713,0.5421538352966309
hostile,negative,2,empathetic,200,-0.11825693845748901,-0.8184287548065186,0.9880721569061279
hostile,negative,3,optimistic,200,-0.10794195652008057,-3.5095603466033936,0.7829020023345947
hostile,negative,4,adaptable,100,-0.10654907703399658,-0.7394187450408936,0.5541801452636719
humble,positive,1,casual,100,0.29300823882222177,-0.7510381042957306,1.466477632522583
humble,positive,2,spontaneous,100,0.27787545055150986,-0.34762004017829895,1.247100979089737
humble,positive,3,pessimistic,200,0.27436611130833627,-0.566947728395462,1.1666572391986847
humble,positive,4,humble,100,0.2597038154304028,-0.6575173735618591,1.2765427827835083
humble,negative,1,formal,100,-0.19603516221046446,-0.8824371993541718,0.5877413153648376
humble,negative,2,inspirational,100,-0.1735882629454136,-1.2093231081962585,0.7186616063117981
humble,negative,3,verbose,100,-0.1134942838549614,-0.8064754009246826,0.413837730884552
humble,negative,4,confident,100,-0.03704753383994103,-0.9035419523715973,0.6753376424312592
iconoclastic,positive,1,pessimistic,200,0.5986036072671413,-1.019720420241356,2.0308592319488525
iconoclastic,positive,2,speculative,100,0.49771134957671165,-0.7000539898872375,1.7676361203193665
iconoclastic,positive,3,entertaining,100,0.4866589339077473,-0.6149680614471436,2.039526343345642
iconoclastic,positive,4,skeptical,200,0.42870949998497965,-0.6994433403015137,2.002562403678894
iconoclastic,negative,1,data_driven,100,0.08483219489455224,-1.214024007320404,1.6466000080108643
iconoclastic,negative,2,problem_solving,100,0.11027067944407463,-1.2335671186447144,1.0287004709243774
iconoclastic,negative,3,accessible,100,0.11294695571064949,-0.7633066177368164,1.4129657447338104
iconoclastic,negative,4,formal,100,0.1171912744641304,-0.8046518564224243,1.2376999855041504
idealistic,positive,1,inspirational,100,0.48685515969991683,-0.5020551085472107,2.526803880929947
idealistic,positive,2,optimistic,200,0.2559860087931156,-0.805773138999939,1.297673299908638
idealistic,positive,3,inclusive,100,0.18405295938253402,-0.655287504196167,1.3972394466400146
idealistic,positive,4,verbose,100,0.1710333089530468,-0.7563802301883698,0.8938921689987183
idealistic,negative,1,data_driven,100,-0.4128509885817766,-1.3599738478660583,0.3114435076713562
idealistic,negative,2,pessimistic,200,-0.1900365762785077,-1.4169786274433136,0.8449799418449402
idealistic,negative,3,practical,200,-0.17344867516309023,-1.033980667591095,0.7054723501205444
idealistic,negative,4,casual,100,-0.170644656047225,-1.3372346758842468,0.6845530271530151
impatient,positive,1,entertaining,100,0.4494540333747864,-0.2568631172180176,1.7014598846435547
impatient,positive,2,playful,100,0.3893057942390442,-1.81089448928833,1.3833400011062622
impatient,positive,3,spontaneous,100,0.3515740394592285,-0.3220345973968506,1.1058762073516846
impatient,positive,4,pessimistic,200,0.35066540479660036,-0.5583717823028564,1.430131196975708
impatient,negative,1,formal,100,0.0030358386039733886,-0.5444345474243164,0.48229312896728516
impatient,negative,2,verbose,100,0.05416734457015991,-0.7393960952758789,0.86639404296875
impatient,negative,3,educational,200,0.08353822350502015,-0.5618619918823242,0.798447847366333
impatient,negative,4,analytical,200,0.09101478099822997,-0.5575461387634277,1.0538818836212158
impulsive,positive,1,data_driven,100,0.4560120105743408,-0.8050351142883301,1.5155234336853027
impulsive,positive,2,entertaining,100,0.27322702288627626,-0.8524329662322998,2.4825505018234253
impulsive,positive,3,playful,100,0.1803312361240387,-3.9164761304855347,1.9813613891601562
impulsive,positive,4,spontaneous,100,0.17974961280822754,-0.6803085803985596,0.8918695449829102
impulsive,negative,1,formal,100,-0.10150562524795533,-1.1002295017242432,0.5567407608032227
impulsive,negative,2,big_picture,100,-0.07488974332809448,-1.4413681030273438,0.6288223266601562
impulsive,negative,3,verbose,100,-0.07370135068893433,-0.8550910949707031,1.3255870342254639
impulsive,negative,4,adaptable,100,-0.02255009174346924,-1.006256103515625,0.8311944007873535
innovative,positive,1,inspirational,100,0.4056727488338947,-0.5893073678016663,1.6952249705791473
innovative,positive,2,speculative,100,0.34653677713125947,-0.5922214984893799,1.8477510213851929
innovative,positive,3,optimistic,200,0.2861432671546936,-0.5594708919525146,2.388563483953476
innovative,positive,4,entertaining,100,0.2747986152768135,-0.6511688232421875,1.938730962574482
innovative,negative,1,data_driven,100,0.006307924799621105,-1.3129502087831497,1.1960042864084244
innovative,negative,2,methodical,200,0.019233511686325075,-0.973262757062912,0.9169402122497559
innovative,negative,3,concise,120,0.030655892317493758,-1.063563883304596,0.860207200050354
innovative,negative,4,practical,200,0.05614401087164879,-0.7374167889356613,0.7229240387678146
inquisitive,positive,1,entertaining,100,0.3764761281013489,-0.4471414089202881,1.282454490661621
inquisitive,positive,2,data_driven,100,0.34717639446258547,-0.24431896209716797,1.1834688186645508
inquisitive,positive,3,spontaneous,100,0.31892426490783693,-0.28226494789123535,1.0416233539581299
inquisitive,positive,4,pessimistic,200,0.3187522864341736,-0.6944005489349365,1.4365625381469727
inquisitive,negative,1,formal,100,0.04320658922195435,-0.8759549856185913,0.6325783729553223
inquisitive,negative,2,problem_solving,100,0.08506011843681335,-0.6953682899475098,0.8670457601547241
inquisitive,negative,3,concise,120,0.08782546520233155,-0.5351738929748535,1.13840913772583
inquisitive,negative,4,serious,100,0.12911394715309144,-0.48102664947509766,0.8116321563720703
inspirational,positive,1,inspirational,100,0.23180161595344542,-0.6085312366485596,1.3585219383239746
inspirational,positive,2,optimistic,200,0.19520519569516182,-0.6745715141296387,3.6594163924455643
inspirational,positive,3,inclusive,100,0.1404917760193348,-0.7034872770309448,3.2526974231004715
inspirational,positive,4,empathetic,200,0.10525166988372803,-0.7165622711181641,1.0211029052734375
inspirational,negative,1,data_driven,100,-0.25769945979118347,-1.1584677696228027,0.529409646987915
inspirational,negative,2,pessimistic,200,-0.2005300283432007,-1.1583364009857178,1.2055647373199463
inspirational,negative,3,skeptical,200,-0.1691342306137085,-0.9241923093795776,0.5493745803833008
inspirational,negative,4,entertaining,100,-0.1321612763404846,-1.5261735916137695,0.922142505645752
introspective,positive,1,speculative,100,0.44708353996276856,-0.3498661518096924,1.8035309314727783
introspective,positive,2,inspirational,100,0.4151463961601257,-0.3677043914794922,1.5303356647491455
introspective,positive,3,verbose,100,0.4061273121833801,-0.25739622116088867,1.3011150360107422
introspective,positive,4,big_picture,100,0.3852836561203003,-0.49312806129455566,1.9508471488952637
introspective,negative,1,data_driven,100,-0.25358080863952637,-1.3935167789459229,0.9962131977081299
introspective,negative,2,concise,120,0.04356473684310913,-1.0146255493164062,1.208024024963379
introspective,negative,3,practical,200,0.07865578889846801,-1.5118398666381836,1.2368688583374023
introspective,negative,4,factual,100,0.07912693858146667,-0.7070679664611816,0.9164292812347412
introverted,positive,1,formal,100,0.25026668310165406,-0.4923131465911865,1.0034153461456299
introverted,positive,2,verbose,100,0.1863338017463684,-0.8104493618011475,1.2297589778900146
introverted,positive,3,big_picture,100,0.1026255202293396,-0.5512340068817139,1.103621006011963
introverted,positive,4,stoic,90,0.0994854900572035,-0.7176098823547363,0.7301568984985352
introverted,negative,1,data_driven,100,-0.4321970629692078,-1.6505353450775146,0.6277828216552734
introverted,negative,2,entertaining,100,-0.25842756986618043,-1.7373547554016113,1.368032455444336
introverted,negative,3,playful,100,-0.2223229944705963,-1.5427772998809814,2.587565779685974
introverted,negative,4,casual,100,-0.21112582683563233,-1.6852028369903564,0.9714946746826172
ironic,positive,1,data_driven,100,0.5401102089881897,-0.8951704502105713,1.8010609149932861
ironic,positive,2,entertaining,100,0.43488994002342224,-0.5069127082824707,2.0524808168411255
ironic,positive,3,playful,100,0.3613979935646057,-2.6223078966140747,2.457132577896118
ironic,positive,4,inspirational,100,0.29242031812667846,-0.35744667053222656,1.1613998413085938
ironic,negative,1,formal,100,0.031245369911193848,-0.8045716285705566,0.6660244464874268
ironic,negative,2,problem_solving,100,0.0594596791267395,-0.8208198547363281,1.3657002449035645
ironic,negative,3,accessible,100,0.06747014045715333,-0.6648554801940918,0.8678898811340332
ironic,negative,4,inclusive,100,0.06882625460624694,-3.6822327375411987,0.8331432342529297
irreverent,positive,1,data_driven,100,0.6357471656799316,-0.8557295799255371,1.79274320602417
irreverent,positive,2,entertaining,100,0.4112080216407776,-0.7234349250793457,2.440871477127075
irreverent,positive,3,playful,100,0.3216243767738342,-3.1989800930023193,2.0207161903381348
irreverent,positive,4,spontaneous,100,0.2588005423545837,-0.4893674850463867,1.0461139678955078
irreverent,negative,1,formal,100,-0.0890716004371643,-1.0436608791351318,0.7512412071228027
irreverent,negative,2,verbose,100,-0.00862203598022461,-1.0565404891967773,1.481740951538086
irreverent,negative,3,big_picture,100,-0.0021181821823120115,-1.1673312187194824,0.7613391876220703
irreverent,negative,4,inclusive,100,0.0033682143688201906,-4.254975199699402,1.0835826396942139
judgmental,positive,1,data_driven,100,0.25326800227165225,-0.6380069255828857,1.1772956848144531
judgmental,positive,2,pessimistic,200,0.201456800699234,-0.8476898670196533,1.196897268295288
judgmental,positive,3,speculative,100,0.1843165349960327,-0.6817822456359863,1.244032621383667
judgmental,positive,4,entertaining,100,0.18418676197528838,-0.8335716724395752,1.296328842639923
judgmental,negative,1,accessible,100,-0.08180439829826355,-0.978877067565918,0.9938592910766602
judgmental,negative,2,problem_solving,100,-0.08026089906692505,-1.1852973699569702,0.45999717712402344
judgmental,negative,3,humble,100,-0.07301518082618713,-1.7100356817245483,0.6284785270690918
judgmental,negative,4,inclusive,100,-0.07130900621414185,-2.0912516117095947,0.6503534317016602
libertarian,positive,1,entertaining,100,0.5097216534614563,-0.8379256725311279,2.3254201412200928
libertarian,positive,2,playful,100,0.42522662326693533,-3.6484117060899734,2.618409037590027
libertarian,positive,3,spontaneous,100,0.3668671250343323,-0.7014107704162598,1.93949294090271
libertarian,positive,4,narrative,100,0.33883150696754455,-3.1188019514083862,1.4553289413452148
libertarian,negative,1,practical,200,0.083890380859375,-1.2015948295593262,1.4595816135406494
libertarian,negative,2,educational,200,0.08972593784332275,-0.7577180862426758,1.0978097915649414
libertarian,negative,3,concise,120,0.0911205252011617,-0.9211797714233398,1.2456474304199219
libertarian,negative,4,factual,100,0.11428087472915649,-0.9246587753295898,1.5721898078918457
literal,positive,1,data_driven,100,0.3871898949146271,-0.2592177391052246,1.2186795473098755
literal,positive,2,methodical,200,0.03212269067764282,-0.6342384815216064,1.133991003036499
literal,positive,3,factual,100,0.027850348949432373,-0.6520044803619385,1.1186609268188477
literal,positive,4,concise,120,-0.021778881549835205,-0.6015961170196533,0.6804828643798828
literal,negative,1,inspirational,100,-0.2690956330299377,-1.1661086082458496,0.29960107803344727
literal,negative,2,big_picture,100,-0.2314445686340332,-1.0437970161437988,0.3310070037841797
literal,negative,3,optimistic,200,-0.2254726180434227,-3.448324531316757,0.6491820812225342
literal,negative,4,speculative,100,-0.2184041929244995,-0.9403030872344971,1.1509711742401123
manic,positive,1,data_driven,100,0.461941123008728,-0.8553540706634521,1.593233346939087
manic,positive,2,entertaining,100,0.2954967200756073,-0.40920495986938477,2.022724986076355
manic,positive,3,playful,100,0.24725852012634278,-2.1845335960388184,1.8019165992736816
manic,positive,4,inspirational,100,0.17331329584121705,-0.4637641906738281,0.8568515777587891
manic,negative,1,formal,100,-0.05863929033279419,-0.8310685157775879,0.4893217086791992
manic,negative,2,problem_solving,100,-0.018713550567626955,-0.9008383750915527,1.1544480323791504
manic,negative,3,inclusive,100,-0.009109457731246948,-3.1102463006973267,0.5467584133148193
manic,negative,4,big_picture,100,-0.001956310272216797,-0.7162315845489502,0.6144464015960693
materialist,positive,1,data_driven,100,0.7920387759804726,-0.11646747589111328,1.989924430847168
materialist,positive,2,factual,100,0.17608524560928346,-0.7740415334701538,1.533447265625
materialist,positive,3,practical,200,0.15445076465606689,-0.7094924449920654,1.541812777519226
materialist,positive,4,methodical,200,0.11518167912960052,-0.8700885772705078,1.301978588104248
materialist,negative,1,inspirational,100,-0.3456780475378036,-1.284111499786377,0.41495251655578613
materialist,negative,2,intuitive,200,-0.21915937304496766,-1.155451774597168,0.5364570617675781
materialist,negative,3,empathetic,200,-0.21065503776073455,-1.1525654792785645,1.0293139815330505
materialist,negative,4,narrative,100,-0.20481608279049396,-1.7994436100125313,0.4619985818862915
meditative,positive,1,inspirational,100,0.3147114825248718,-0.28465980291366577,1.2775883674621582
meditative,positive,2,verbose,100,0.23128624200820924,-0.17222601175308228,0.742777407169342
meditative,positive,3,speculative,100,0.15713149577379226,-0.3531447649002075,1.114161729812622
meditative,positive,4,traditional,95,0.15392788868201407,-0.35949259996414185,0.7476771473884583
meditative,negative,1,data_driven,100,-0.17627182200551034,-0.7928251624107361,0.35640519857406616
meditative,negative,2,practical,200,-0.07694872453808785,-0.6106186211109161,0.2748922109603882
meditative,negative,3,casual,100,-0.047542130947113036,-0.6498666405677795,0.41485869884490967
meditative,negative,4,factual,100,-0.014593053460121155,-0.4514308571815491,0.5961472988128662
melancholic,positive,1,pessimistic,200,0.31968007147312166,-0.7698743343353271,1.7215490341186523
melancholic,positive,2,speculative,100,0.2166636362671852,-0.7434260845184326,1.3257557153701782
melancholic,positive,3,entertaining,100,0.19513915628194808,-0.6913468837738037,1.816602110862732
melancholic,positive,4,skeptical,200,0.17427795886993408,-0.5380513668060303,0.9859706163406372
melancholic,negative,1,optimistic,200,-0.16443565607070923,-1.8039660453796387,1.0258271098136902
melancholic,negative,2,inclusive,100,-0.09026051342487335,-1.6424012184143066,0.7627941370010376
melancholic,negative,3,problem_solving,100,-0.07252028346061706,-1.161955714225769,0.7838561534881592
melancholic,negative,4,supportive,200,-0.06680751383304596,-1.00778466463089,1.0505634546279907
melodramatic,positive,1,inspirational,100,0.4184707295894623,-0.3092806339263916,1.3758695721626282
melodramatic,positive,2,verbose,100,0.2559249338507652,-0.3012964725494385,1.3474047780036926
melodramatic,positive,3,speculative,100,0.2477748128771782,-0.321416974067688,1.967494249343872
melodramatic,positive,4,entertaining,100,0.20348456203937532,-0.4567173719406128,1.0278810858726501
melodramatic,negative,1,accessible,100,-0.049308066368103025,-0.5163010358810425,0.4707674980163574
melodramatic,negative,2,humble,100,-0.03350067019462585,-0.9263472557067871,0.5495656728744507
melodramatic,negative,3,practical,200,-0.026656728386878967,-0.5413031578063965,0.9409104585647583
melodramatic,negative,4,casual,100,-0.016864288449287414,-0.7647997140884399,0.6478673219680786
mercurial,positive,1,entertaining,100,0.6096488201618194,-0.3215796947479248,2.245927333831787
mercurial,positive,2,playful,100,0.5293118789792061,-2.139875590801239,3.057076543569565
mercurial,positive,3,pessimistic,200,0.4835204005241394,-1.0027577877044678,1.8296563625335693
mercurial,positive,4,data_driven,100,0.4722940707206726,-0.745915412902832,1.7570416927337646
mercurial,negative,1,formal,100,0.02373378038406372,-0.8614182472229004,0.8860518932342529
mercurial,negative,2,concise,120,0.10998547077178955,-0.8249292373657227,1.7928755283355713
mercurial,negative,3,problem_solving,100,0.12310502290725708,-1.0773448944091797,1.203456163406372
mercurial,negative,4,methodical,200,0.12853333473205567,-0.8310072422027588,1.1770262718200684
metaphorical,positive,1,inspirational,100,0.6611230383813381,0.0397038608789444,1.7148613035678864
metaphorical,positive,2,speculative,100,0.47036838516592977,-0.19477328658103943,1.9502495527267456
metaphorical,positive,3,playful,100,0.4292531809210777,-0.44599515199661255,3.0137390792369843
metaphorical,positive,4,entertaining,100,0.4273338958621025,-0.7231864631175995,1.8918611407279968
metaphorical,negative,1,data_driven,100,-0.07962490797042847,-0.7903989851474762,1.0408298671245575
metaphorical,negative,2,practical,200,0.06367422565817833,-0.502495139837265,0.8948990106582642
metaphorical,negative,3,concise,120,0.08324526995420456,-0.3746880292892456,0.6131137311458588
metaphorical,negative,4,factual,100,0.08818813607096672,-0.4745866060256958,1.033739447593689
militant,positive,1,entertaining,100,0.28579586029052734,-0.45250749588012695,1.396329402923584
militant,positive,2,pessimistic,200,0.2613051795959473,-0.9186992645263672,1.7485523223876953
militant,positive,3,speculative,100,0.22992830991744995,-0.6725418567657471,1.4420329332351685
militant,positive,4,playful,100,0.21780060172080995,-1.796837866306305,2.0525747537612915
militant,negative,1,problem_solving,100,-0.033649441003799435,-1.0672118663787842,0.6267852783203125
militant,negative,2,accessible,100,-0.028932715654373168,-0.7860193252563477,0.735661506652832
militant,negative,3,optimistic,200,-0.025724058151245118,-2.7873870134353638,0.8182015419006348
militant,negative,4,adaptable,100,-0.02281379818916321,-0.845151424407959,0.5420064926147461
misanthropic,positive,1,pessimistic,200,0.4345982331037521,-1.1699626445770264,2.349859893321991
misanthropic,positive,2,entertaining,100,0.41525672912597655,-0.39832985401153564,2.0964430570602417
misanthropic,positive,3,playful,100,0.3461707246303558,-1.69112229347229,3.1549553871154785
misanthropic,positive,4,speculative,100,0.3231018173694611,-0.7302088737487793,1.4621669054031372
misanthropic,negative,1,optimistic,200,-0.01743258476257324,-2.8105993270874023,1.3646647930145264
misanthropic,negative,2,inclusive,100,0.011766016483306885,-2.6485607624053955,0.9172320365905762
misanthropic,negative,3,problem_solving,100,0.02152357578277588,-0.9930980205535889,1.0591850280761719
misanthropic,negative,4,formal,100,0.02735828161239624,-1.134599208831787,0.9853317737579346
mischievous,positive,1,data_driven,100,0.4243950390815735,-0.9255058765411377,1.2772459983825684
mischievous,positive,2,entertaining,100,0.3946803224086761,-0.19405174255371094,1.5736477375030518
mischievous,positive,3,playful,100,0.3289568519592285,-1.2882522344589233,2.0311466455459595
mischievous,positive,4,inspirational,100,0.2599628984928131,-0.3996915817260742,1.060458779335022
mischievous,negative,1,accessible,100,0.03004899501800537,-0.6765546798706055,0.7147843837738037
mischievous,negative,2,problem_solving,100,0.04678677678108215,-0.7704520225524902,0.9288439750671387
mischievous,negative,3,concise,120,0.05148238738377889,-0.562957763671875,0.6721699237823486
mischievous,negative,4,inclusive,100,0.0612139230966568,-2.419408619403839,0.6822264194488525
moderate,positive,1,problem_solving,100,0.045372803211212155,-0.7885360717773438,1.2602825164794922
moderate,positive,2,adaptable,100,0.020714559555053712,-1.1226494312286377,1.0502362251281738
moderate,positive,3,formal,100,0.016684324741363527,-0.8038549423217773,1.1480498313903809
moderate,positive,4,inclusive,100,-0.009127368032932282,-1.0553269386291504,4.032484859228134
moderate,negative,1,entertaining,100,-0.37918432235717775,-2.0974526405334473,0.870319128036499
moderate,negative,2,pessimistic,200,-0.32481587648391724,-2.035797595977783,1.6092658042907715
moderate,negative,3,data_driven,100,-0.3231690049171448,-1.73258638381958,1.1877198219299316
moderate,negative,4,playful,100,-0.2771679183840752,-2.384219527244568,3.148808628320694
mystical,positive,1,inspirational,100,0.5387432067096234,-0.0537019819021225,2.0421385318040848
mystical,positive,2,empathetic,200,0.27953690122812985,-0.33623236417770386,1.649490937590599
mystical,positive,3,speculative,100,0.2778230557963252,-0.3317466378211975,1.7270399928092957
mystical,positive,4,narrative,100,0.2718197664245963,-0.376767098903656,1.1395851224660873
mystical,negative,1,data_driven,100,-0.31013875275850294,-1.1738296151161194,0.43785208463668823
mystical,negative,2,practical,200,-0.0521291645616293,-0.7401680499315262,0.5719631165266037
mystical,negative,3,factual,100,-0.043419712856411934,-0.9130436182022095,0.8648888468742371
mystical,negative,4,methodical,200,-0.02659278195351362,-0.7107861042022705,0.5508770644664764
naive,positive,1,data_driven,100,0.1816490423679352,-0.595304012298584,0.9497199058532715
naive,positive,2,empathetic,200,0.09834015727043152,-0.7928812503814697,1.2142645120620728
naive,positive,3,entertaining,100,0.09479550421237945,-1.0402894020080566,1.3087700009346008
naive,positive,4,playful,100,0.08164200186729431,-2.214649200439453,1.2296404838562012
naive,negative,1,formal,100,-0.15599496245384217,-0.7972111701965332,0.31319403648376465
naive,negative,2,stoic,90,-0.12074527475568983,-0.7280294895172119,0.6965367794036865
naive,negative,3,strategic,100,-0.11745778441429139,-0.8694722652435303,0.360581636428833
naive,negative,4,verbose,100,-0.11484937191009521,-0.653888463973999,0.530876636505127
narrative,positive,1,inspirational,100,0.5860518707334995,0.007590353488922119,1.5563312768936157
narrative,positive,2,entertaining,100,0.5223848713189363,-0.2499822974205017,1.4137041866779327
narrative,positive,3,playful,100,0.4728505823016167,-0.26847100257873535,2.6840323209762573
narrative,positive,4,narrative,100,0.4546242716908455,-0.4716934561729431,1.68342787027359
narrative,negative,1,concise,120,0.10234951178232829,-0.5284907817840576,0.8157141208648682
narrative,negative,2,methodical,200,0.11791238978505135,-0.7717541456222534,0.7673510760068893
narrative,negative,3,practical,200,0.1353734590113163,-0.592864453792572,1.2495183050632477
narrative,negative,4,formal,100,0.1458456639945507,-0.48839038610458374,0.8514885306358337
neurotic,positive,1,data_driven,100,0.3635975456237793,-0.737114667892456,1.3925044536590576
neurotic,positive,2,entertaining,100,0.20289816260337828,-0.47173237800598145,1.9026867151260376
neurotic,positive,3,pessimistic,200,0.16990455746650696,-1.1550886631011963,1.1039891242980957
neurotic,positive,4,playful,100,0.15173158526420594,-2.2188470363616943,1.5784507989883423
neurotic,negative,1,formal,100,-0.14138540744781494,-1.061293601989746,0.38262319564819336
neurotic,negative,2,inclusive,100,-0.09519629925489426,-2.937887877225876,0.7999093532562256
neurotic,negative,3,optimistic,200,-0.0942172023653984,-3.380695790052414,0.693342924118042
neurotic,negative,4,big_picture,100,-0.08942476272583008,-0.9771015644073486,0.6149818897247314
nihilistic,positive,1,pessimistic,200,0.31722387939691543,-0.8465056419372559,1.7340258657932281
nihilistic,positive,2,entertaining,100,0.3077038785070181,-0.5489363670349121,1.7857520580291748
nihilistic,positive,3,speculative,100,0.3008674497902393,-0.6214739084243774,1.3012746572494507
nihilistic,positive,4,skeptical,200,0.2492682483792305,-0.4529726505279541,1.2566810846328735
nihilistic,negative,1,optimistic,200,-0.0703585347533226,-1.7923064231872559,1.049548625946045
nihilistic,negative,2,inclusive,100,-0.0322224622964859,-1.6251733303070068,0.6835399270057678
nihilistic,negative,3,supportive,200,-0.014353134036064148,-0.7916696071624756,0.8410941958427429
nihilistic,negative,4,problem_solving,100,0.003002379834651947,-1.0829824209213257,0.6356364488601685
nonchalant,positive,1,data_driven,100,0.40781558990478517,-0.5847320556640625,1.358684778213501
nonchalant,positive,2,entertaining,100,0.3105129897594452,-0.809685468673706,2.1232060194015503
nonchalant,positive,3,spontaneous,100,0.2398160219192505,-0.3974785804748535,0.8988847732543945
nonchalant,positive,4,playful,100,0.22995066225528718,-2.6117189526557922,1.7948099374771118
nonchalant,negative,1,formal,100,-0.09623084545135498,-0.9348886013031006,0.4442710876464844
nonchalant,negative,2,inspirational,100,-0.09008311033248902,-0.668159008026123,0.6076664924621582
nonchalant,negative,3,verbose,100,-0.059736499786376955,-0.8240289688110352,0.9159951210021973
nonchalant,negative,4,optimistic,200,-0.051659690737724306,-3.9206506609916687,0.9054322242736816
nostalgic,positive,1,entertaining,100,0.27730287849903107,-0.4577045440673828,1.3386270999908447
nostalgic,positive,2,data_driven,100,0.2713125640153885,-0.6078493595123291,1.2626059651374817
nostalgic,positive,3,traditional,95,0.2285305418466267,-0.5082578659057617,1.4715522527694702
nostalgic,positive,4,pessimistic,200,0.22029358446598052,-0.6492835283279419,1.2206835746765137
nostalgic,negative,1,problem_solving,100,-0.021261212825775148,-0.8265150785446167,0.6672558784484863
nostalgic,negative,2,inclusive,100,0.006033269762992859,-1.6961325407028198,0.8437180519104004
nostalgic,negative,3,practical,200,0.015213967561721801,-0.7498594522476196,1.1691089868545532
nostalgic,negative,4,optimistic,200,0.031602232456207274,-2.1756025552749634,1.432325005531311
nurturing,positive,1,inspirational,100,0.26382251977920534,-0.43410658836364746,1.1577014923095703
nurturing,positive,2,optimistic,200,0.21574070259928704,-0.432236909866333,3.1275516003370285
nurturing,positive,3,empathetic,200,0.18817702770233155,-0.3767664432525635,0.9091179370880127
nurturing,positive,4,inclusive,100,0.18121590182185174,-0.6248514652252197,2.753102108836174
nurturing,negative,1,data_driven,100,-0.2862569403648376,-1.0544708967208862,0.31702756881713867
nurturing,negative,2,skeptical,200,-0.06903062105178832,-0.6097867488861084,0.48281216621398926
nurturing,negative,3,factual,100,-0.06719250559806823,-0.8642052412033081,0.5123164653778076
nurturing,negative,4,methodical,200,-0.0429004693031311,-0.8456737995147705,0.7019944190979004
optimistic,positive,1,optimistic,200,0.2970702600479126,-0.9734550341963768,1.830539882183075
optimistic,positive,2,inspirational,100,0.24000984504818917,-1.335706740617752,1.8254759311676025
optimistic,positive,3,inclusive,100,0.15777403496205808,-1.126983642578125,1.6831546425819397
optimistic,positive,4,supportive,200,0.12750347957015037,-1.422074317932129,1.4657856225967407
optimistic,negative,1,pessimistic,200,-0.38680056408047675,-2.0512526631355286,1.0438613444566727
optimistic,negative,2,anxious,200,-0.22035856023430825,-1.696998417377472,1.0286398530006409
optimistic,negative,3,skeptical,200,-0.21900428496301175,-1.424574851989746,0.8538916110992432
optimistic,negative,4,speculative,100,-0.15528594754636288,-1.5641272217035294,1.191582202911377
pacifist,positive,1,inspirational,100,0.49397478744387624,-0.14015543460845947,1.7629261016845703
pacifist,positive,2,empathetic,200,0.3772825375199318,-0.4156227111816406,1.3834679126739502
pacifist,positive,3,optimistic,200,0.34342496186494825,-0.9801827669143677,1.6450223326683044
pacifist,positive,4,pessimistic,200,0.34251981660723685,-0.5525847673416138,1.1368927508592606
pacifist,negative,1,data_driven,100,-0.13785528749227524,-0.8621641099452972,0.5220974683761597
pacifist,negative,2,methodical,200,-0.013123668730258942,-0.6413992643356323,1.1158849000930786
pacifist,negative,3,factual,100,0.008515607416629791,-0.776885986328125,1.0144170224666595
pacifist,negative,4,practical,200,0.05379769802093506,-0.6042541265487671,0.6826721429824829
paranoid,positive,1,entertaining,100,0.5002424874901772,-0.36566126346588135,1.9762111902236938
paranoid,positive,2,pessimistic,200,0.4710092115402222,-0.9536765813827515,2.089076817035675
paranoid,positive,3,playful,100,0.4171216391026974,-1.552580177783966,2.5464120358228683
paranoid,positive,4,speculative,100,0.3686042612791061,-0.5842187404632568,1.6142507195472717
paranoid,negative,1,formal,100,-0.001316763162612915,-0.9264167547225952,0.6969664096832275
paranoid,negative,2,problem_solving,100,0.060400125980377195,-0.9730806350708008,1.1038846969604492
paranoid,negative,3,methodical,200,0.06145507454872132,-0.6460540294647217,1.401719093322754
paranoid,negative,4,practical,200,0.08360510349273681,-0.8093109130859375,1.1326873302459717
passionate,positive,1,inspirational,100,0.6288622762262821,-0.2442936897277832,1.9386694431304932
passionate,positive,2,entertaining,100,0.4550355178117752,-0.31735944747924805,1.4551929533481598
passionate,positive,3,playful,100,0.43511182963848116,-0.6531251668930054,2.783092975616455
passionate,positive,4,speculative,100,0.4012379404902458,-0.3287152051925659,2.1128010153770447
passionate,negative,1,methodical,200,0.04408105790615082,-0.6053099632263184,0.6274356842041016
passionate,negative,2,practical,200,0.04559216022491455,-0.6006717681884766,1.1259902715682983
passionate,negative,3,factual,100,0.07399077355861663,-0.6670835018157959,0.8278204202651978
passionate,negative,4,concise,120,0.07974863797426224,-0.5758817195892334,0.9515641033649445
passive_aggressive,positive,1,entertaining,100,0.4448094713687897,-0.368070125579834,1.5664350986480713
passive_aggressive,positive,2,playful,100,0.3580790418386459,-1.7417617440223694,1.9152473211288452
passive_aggressive,positive,3,data_driven,100,0.3166543805599213,-0.6428256034851074,1.0485796928405762
passive_aggressive,positive,4,skeptical,200,0.31500944852828977,-0.4622504711151123,1.0828180313110352
passive_aggressive,negative,1,formal,100,0.08603209257125854,-0.6166977882385254,0.6731877326965332
passive_aggressive,negative,2,problem_solving,100,0.09394663095474243,-0.6320807933807373,0.8367390632629395
passive_aggressive,negative,3,concise,120,0.09778215090433756,-0.5102663040161133,0.8567192554473877
passive_aggressive,negative,4,practical,200,0.1266862416267395,-0.6945230960845947,1.150043249130249
patient,positive,1,empathetic,200,0.062307280898094175,-0.28042587637901306,0.46482059359550476
patient,positive,2,optimistic,200,0.05181021064519882,-0.40462833642959595,0.43701398372650146
patient,positive,3,inclusive,100,0.04992285385727882,-0.5356677174568176,0.715459406375885
patient,positive,4,adaptable,100,0.036781969517469405,-0.2508700489997864,0.33941352367401123
patient,negative,1,data_driven,100,-0.11856862619519233,-0.4899612367153168,0.2908645570278168
patient,negative,2,pessimistic,200,-0.08404088422656059,-0.6340986341238022,0.3991604447364807
patient,negative,3,skeptical,200,-0.0758213073015213,-0.5636211633682251,0.29239463806152344
patient,negative,4,entertaining,100,-0.07560806855559349,-0.5326874554157257,0.28717952966690063
pedantic,positive,1,formal,100,0.34616550035774707,-0.16438093781471252,0.820048987865448
pedantic,positive,2,data_driven,100,0.3303972427174449,-0.20887840539216995,0.9301990270614624
pedantic,positive,3,verbose,100,0.3266962924413383,-0.3128650337457657,0.7730435431003571
pedantic,positive,4,methodical,200,0.19533318547531964,-0.4931485205888748,0.7944708168506622
pedantic,negative,1,casual,100,-0.18292456651106476,-1.1257482320070267,0.31019650772213936
pedantic,negative,2,spontaneous,100,-0.1492767694219947,-0.9057566225528717,0.41622141003608704
pedantic,negative,3,empathetic,200,-0.13443277770653367,-0.7731284201145172,0.5463469624519348
pedantic,negative,4,playful,100,-0.132511862013489,-0.6796449646353722,0.5957384817302227
pessimistic,positive,1,pessimistic,200,0.42238278515636923,-1.3451055586338043,2.1523611545562744
pessimistic,positive,2,skeptical,200,0.2606774106621742,-0.7791376709938049,1.6574247181415558
pessimistic,positive,3,anxious,200,0.25477981388568877,-1.0223422944545746,1.552047073841095
pessimistic,positive,4,speculative,100,0.25441054373979566,-1.2120860517024994,1.8463325500488281
pessimistic,negative,1,optimistic,200,-0.21725410014390945,-1.5546458959579468,1.1218617856502533
pessimistic,negative,2,problem_solving,100,-0.09729100123047829,-1.7139486074447632,0.9620566964149475
pessimistic,negative,3,inspirational,100,-0.09682390913367271,-1.7304065376520157,1.4245061427354813
pessimistic,negative,4,inclusive,100,-0.08770228952169418,-1.5028839707374573,1.068702220916748
petty,positive,1,inspirational,100,0.14228872738778592,-0.7992732524871826,0.9660474061965942
petty,positive,2,verbose,100,0.1158288311213255,-0.5365939140319824,0.795435443520546
petty,positive,3,speculative,100,0.10275307431817055,-0.6657825112342834,1.4531468600034714
petty,positive,4,data_driven,100,0.08078299202024937,-0.5074412822723389,0.6130632758140564
petty,negative,1,accessible,100,-0.09061750158667564,-0.7857462167739868,0.31262409687042236
petty,negative,2,problem_solving,100,-0.08512358337640763,-0.7401617765426636,0.36744827032089233
petty,negative,3,humble,100,-0.07984398491680622,-0.6802668571472168,0.40064966678619385
petty,negative,4,casual,100,-0.0698045052587986,-0.7665068507194519,0.34619641304016113
philosophical,positive,1,verbose,100,0.49528737381100657,-0.3992421627044678,1.6557985544204712
philosophical,positive,2,speculative,100,0.48353627026081086,-0.32735109329223633,2.0951279401779175
philosophical,positive,3,inspirational,100,0.47643473267555236,-0.46630704402923584,2.084787830710411
philosophical,positive,4,traditional,95,0.34908339051823867,-0.43713629245758057,1.8248813152313232
philosophical,negative,1,practical,200,-0.031193753778934477,-1.5223514437675476,0.9480257034301758
philosophical,negative,2,data_driven,100,0.0056962214410305025,-1.4104666709899902,0.902793288230896
philosophical,negative,3,concise,120,0.012631367643674214,-0.7344777584075928,0.6261168122291565
philosophical,negative,4,accessible,100,0.019099432453513147,-0.7384103536605835,0.6437703967094421
playful,positive,1,entertaining,100,0.5218873944878578,-0.0675886869430542,1.2676535248756409
playful,positive,2,playful,100,0.51578952729702,-0.11263847351074219,1.9535695910453796
playful,positive,3,inspirational,100,0.4123816847801208,-0.14069849252700806,1.1367243528366089
playful,positive,4,speculative,100,0.3526958066225052,-0.16585373878479004,1.290945053100586
playful,negative,1,formal,100,0.05656686186790466,-0.3406614065170288,0.6130208969116211
playful,negative,2,methodical,200,0.06618689864873886,-0.5488441586494446,0.663611114025116
playful,negative,3,concise,120,0.08884698351224264,-0.5378583669662476,0.6487698554992676
playful,negative,4,data_driven,100,0.11388836771249772,-0.7061417102813721,0.9009690880775452
pluralist,positive,1,optimistic,200,0.030021871626377105,-0.8606058359146118,1.3721027076244354
pluralist,positive,2,inclusive,100,0.029050292670726775,-0.8806906342506409,0.8500966727733612
pluralist,positive,3,adaptable,100,0.024585872888565063,-0.9300345182418823,0.8868255615234375
pluralist,positive,4,humble,100,0.023613807559013367,-0.8269898295402527,1.1965082585811615
pluralist,negative,1,data_driven,100,-0.3446547593176365,-1.1849476993083954,0.5306982398033142
pluralist,negative,2,pessimistic,200,-0.28001860082149505,-1.6188499927520752,0.8672565221786499
pluralist,negative,3,skeptical,200,-0.249646038338542,-1.1693809628486633,0.5729941129684448
pluralist,negative,4,reactive,100,-0.2108565094321966,-1.4702975302934647,0.8071956038475037
poetic,positive,1,inspirational,100,0.49812854528427125,-0.05957937240600586,1.6317728757858276
poetic,positive,2,speculative,100,0.29237330973148346,-0.16267287731170654,1.6738114953041077
poetic,positive,3,playful,100,0.28000369787216184,-0.47293686866760254,2.753440737724304
poetic,positive,4,entertaining,100,0.26936114847660064,-0.2524493932723999,0.9939414858818054
poetic,negative,1,practical,200,0.02641587734222412,-0.413881778717041,0.7758975028991699
poetic,negative,2,methodical,200,0.03262749254703522,-0.3940078020095825,0.41548752784729004
poetic,negative,3,accessible,100,0.04403539776802063,-0.5300703048706055,0.8033800721168518
poetic,negative,4,factual,100,0.05346048712730408,-0.4730633497238159,0.5784827470779419
problem_solving,positive,1,data_driven,100,0.3059306511282921,-0.6014855653047562,1.351226657629013
problem_solving,positive,2,factual,100,0.03258777752518654,-1.118141308426857,1.0624277591705322
problem_solving,positive,3,problem_solving,100,0.03175606228411198,-1.0678700804710388,1.0458601117134094
problem_solving,positive,4,practical,200,0.013386924415826798,-0.9709261953830719,1.0934354960918427
problem_solving,negative,1,pessimistic,200,-0.27876633666455747,-1.3310213088989258,0.6474526226520538
problem_solving,negative,2,entertaining,100,-0.24255729146301747,-1.4671721309423447,0.8160983771085739
problem_solving,negative,3,anxious,200,-0.22493027098476887,-1.087032750248909,0.6267625391483307
problem_solving,negative,4,spontaneous,100,-0.20677165567874908,-0.9941954016685486,0.4594627022743225
progressive,positive,1,inspirational,100,0.2632743304222822,-0.700607180595398,1.5272270739078522
progressive,positive,2,optimistic,200,0.14716547625139356,-1.1368137001991272,2.0143675804138184
progressive,positive,3,inclusive,100,0.12013736726716161,-1.115917831659317,1.7819172143936157
progressive,positive,4,proactive,100,0.09394330903887749,-0.9808641970157623,1.4020700454711914
progressive,negative,1,methodical,200,-0.13353013277053832,-0.7414906322956085,0.7036848217248917
progressive,negative,2,pessimistic,200,-0.1226444885134697,-1.1900169104337692,0.9990005493164062
progressive,negative,3,conscientious,100,-0.11572066619992256,-0.9889529049396515,0.9432364404201508
progressive,negative,4,skeptical,200,-0.10573707200586796,-1.069690227508545,0.9468993544578552
provocative,positive,1,speculative,100,0.7125851759314537,-0.43366432189941406,2.175785332918167
provocative,positive,2,pessimistic,200,0.6368822210282087,-0.8919776678085327,1.8566408157348633
provocative,positive,3,entertaining,100,0.5874533732235432,-1.1035613417625427,3.0394102334976196
provocative,positive,4,playful,100,0.526912741214037,-0.663081556558609,2.2105352878570557
provocative,negative,1,data_driven,100,-0.05430941492319107,-1.3321536779403687,1.1120851039886475
provocative,negative,2,concise,120,0.13461771756410598,-1.2903741896152496,1.2737429440021515
provocative,negative,3,practical,200,0.17749313294887542,-1.0440735816955566,1.4091193974018097
provocative,negative,4,accessible,100,0.2022973509132862,-0.9336467981338501,1.340809941291809
qualitative,positive,1,inspirational,100,0.6300738620758056,-0.5266515016555786,1.6773185729980469
qualitative,positive,2,narrative,100,0.5001858013868332,-1.1034841537475586,2.3509573340415955
qualitative,positive,3,empathetic,200,0.49087081253528597,-1.2938010096549988,1.9568593502044678
qualitative,positive,4,speculative,100,0.45593459248542784,-1.0695499181747437,1.4702832698822021
qualitative,negative,1,data_driven,100,-1.3709843875281513,-3.0545578598976135,0.9119009971618652
qualitative,negative,2,factual,100,-0.2452145767211914,-2.6092915534973145,1.0687284469604492
qualitative,negative,3,methodical,200,-0.07921618580818177,-2.4366228580474854,1.1913416385650635
qualitative,negative,4,practical,200,-0.059255305230617526,-1.7049305438995361,1.491999626159668
quantitative,positive,1,data_driven,100,1.3734182805195452,-0.6588077545166016,2.9045827984809875
quantitative,positive,2,factual,100,0.2632554118335247,-1.0779738426208496,2.690909683704376
quantitative,positive,3,methodical,200,0.09732499018311501,-1.1749780178070068,2.224033534526825
quantitative,positive,4,practical,200,0.0481264016777277,-1.4063524007797241,1.5828803554177284
quantitative,negative,1,inspirational,100,-0.5244956153631211,-1.6063158512115479,0.5633323192596436
quantitative,negative,2,empathetic,200,-0.4776181799173355,-1.9830944538116455,1.393830955028534
quantitative,negative,3,narrative,100,-0.45247300863265993,-2.147033929824829,1.1505969762802124
quantitative,negative,4,speculative,100,-0.3901094514131546,-1.2541561126708984,1.0322802662849426
radical,positive,1,inspirational,100,0.36402903120964764,-0.47096335887908936,1.775343418121338
radical,positive,2,speculative,100,0.3572805523499846,-0.35457339882850647,1.664405107498169
radical,positive,3,entertaining,100,0.2688372076675296,-0.7277463674545288,1.7482439279556274
radical,positive,4,verbose,100,0.25566800016909835,-0.4889286160469055,1.05620938539505
radical,negative,1,data_driven,100,-0.12451101705431938,-1.0688376724720001,0.6894480362534523
radical,negative,2,accessible,100,0.022727031074464322,-0.85215824842453,0.6664817035198212
radical,negative,3,methodical,200,0.03168622775003314,-0.8491382449865341,1.1615325808525085
radical,negative,4,practical,200,0.03239431440830231,-0.5937676131725311,0.9168148003518581
reactive,positive,1,data_driven,100,0.527213704586029,-0.7941508293151855,1.6354565620422363
reactive,positive,2,entertaining,100,0.35103273153305053,-0.8798666000366211,2.3918447494506836
reactive,positive,3,spontaneous,100,0.26418514728546144,-0.4234962463378906,1.113070011138916
reactive,positive,4,reactive,100,0.2384928560256958,-0.7999095916748047,1.2856965065002441
reactive,negative,1,formal,100,-0.10624582290649415,-1.151257038116455,0.7473211288452148
reactive,negative,2,verbose,100,-0.040528154373168944,-0.9177432060241699,1.298536777496338
reactive,negative,3,big_picture,100,-0.026066508293151856,-1.3113632202148438,0.7558498382568359
reactive,negative,4,problem_solving,100,0.009692487716674804,-1.100022315979004,1.3622345924377441
rebellious,positive,1,inspirational,100,0.5153966011852026,-0.2751486897468567,1.9393150508403778
rebellious,positive,2,speculative,100,0.5047217112779617,-0.2829270362854004,2.0418564081192017
rebellious,positive,3,entertaining,100,0.441789842993021,-0.8614581227302551,2.341180205345154
rebellious,positive,4,pessimistic,200,0.421701976954937,-0.6401037573814392,1.337825059890747
rebellious,negative,1,data_driven,100,-0.21533267088234426,-1.3151083439588547,0.641902506351471
rebellious,negative,2,methodical,200,0.05714699495583773,-0.8600718528032303,1.7385124564170837
rebellious,negative,3,practical,200,0.07005485758185387,-0.7164712846279144,0.9749951064586639
rebellious,negative,4,factual,100,0.08363240830600262,-0.7894002199172974,0.9600259065628052
relativist,positive,1,speculative,100,0.4481472960114479,-0.5052759051322937,1.839951753616333
relativist,positive,2,entertaining,100,0.4114532484859228,-1.1981273591518402,2.22602079808712
relativist,positive,3,playful,100,0.3768233807384968,-0.5619385838508606,1.647987723350525
relativist,positive,4,pessimistic,200,0.3625654702074826,-0.9568667113780975,1.4509719908237457
relativist,negative,1,data_driven,100,-0.18454045981168746,-1.2045634984970093,0.7968244552612305
relativist,negative,2,practical,200,0.0541398062184453,-1.0286181569099426,1.1041695177555084
relativist,negative,3,concise,120,0.08467529887954393,-0.7194434404373169,0.9736562073230743
relativist,negative,4,problem_solving,100,0.09743468932807446,-0.9334455877542496,1.1205434799194336
reserved,positive,1,data_driven,100,0.29322420954704287,-0.3391079902648926,1.0781978368759155
reserved,positive,2,methodical,200,0.05682899475097656,-0.7043530941009521,0.8855476379394531
reserved,positive,3,factual,100,0.03365801572799683,-0.8075711727142334,0.6955915689468384
reserved,positive,4,practical,200,-0.015199555158615112,-0.5427267551422119,0.8649792671203613
reserved,negative,1,inspirational,100,-0.33365264534950256,-1.2086851596832275,0.19456779956817627
reserved,negative,2,playful,100,-0.27098568439483645,-3.0137343406677246,0.5307347774505615
reserved,negative,3,empathetic,200,-0.25426083922386167,-0.8453450202941895,0.2420802116394043
reserved,negative,4,speculative,100,-0.2500483584403992,-0.937885046005249,0.6976991891860962
resilient,positive,1,optimistic,200,0.1339973109960556,-0.771716833114624,3.297666013240814
resilient,positive,2,inclusive,100,0.1304746812582016,-0.5508115291595459,2.858172833919525
resilient,positive,3,formal,100,0.12798551917076112,-0.44675111770629883,1.245901107788086
resilient,positive,4,problem_solving,100,0.11619960069656372,-0.5819180011749268,1.126969337463379
resilient,negative,1,data_driven,100,-0.28527084350585935,-1.2783502340316772,0.7354366779327393
resilient,negative,2,pessimistic,200,-0.1681977951526642,-1.2314040660858154,1.1264324188232422
resilient,negative,3,entertaining,100,-0.15858129262924195,-1.5549449920654297,0.5634973049163818
resilient,negative,4,spontaneous,100,-0.10206701755523681,-1.1379207372665405,0.6792669296264648
reverent,positive,1,formal,100,0.1409015953540802,-0.7453098297119141,0.7891685962677002
reverent,positive,2,inspirational,100,0.07091406345367432,-0.8475871086120605,0.8728010654449463
reverent,positive,3,verbose,100,0.05784773111343384,-1.3889952898025513,0.7744748592376709
reverent,positive,4,optimistic,200,-0.030356117486953736,-1.0224947929382324,2.7108789682388306
reverent,negative,1,pessimistic,200,-0.4647330594062805,-2.003955602645874,1.2002705335617065
reverent,negative,2,entertaining,100,-0.44958224177360534,-1.8964226245880127,0.5825405120849609
reverent,negative,3,spontaneous,100,-0.4294860601425171,-1.4783198833465576,0.3640604019165039
reverent,negative,4,casual,100,-0.40502037048339845,-1.8508484363555908,0.8338661193847656
rhetorical,positive,1,inspirational,100,0.8159612093865871,-0.15475523471832275,2.29860782623291
rhetorical,positive,2,speculative,100,0.604151511490345,-0.38793742656707764,2.7286053895950317
rhetorical,positive,3,entertaining,100,0.5633423291146755,-0.6007722616195679,2.0444880723953247
rhetorical,positive,4,verbose,100,0.5343316875398159,-0.6144265830516815,1.841963768005371
rhetorical,negative,1,practical,200,0.09562765404582024,-0.7281738519668579,1.2602523863315582
rhetorical,negative,2,concise,120,0.10622444227337838,-0.587377518415451,0.5779293179512024
rhetorical,negative,3,data_driven,100,0.12212777331471443,-1.0665176212787628,1.284092664718628
rhetorical,negative,4,accessible,100,0.13405816540122031,-0.5562301874160767,1.0027368068695068
risk_taking,positive,1,inspirational,100,0.5773239789903164,0.016582220792770386,2.043180823326111
risk_taking,positive,2,speculative,100,0.44355584278702737,-0.4699092507362366,1.479338452219963
risk_taking,positive,3,entertaining,100,0.4187101569026709,-1.098298728466034,1.9723501205444336
risk_taking,positive,4,playful,100,0.403805673122406,-0.38505232334136963,2.0485587120056152
risk_taking,negative,1,data_driven,100,-0.18055994635447858,-0.9841752052307129,0.7923431396484375
risk_taking,negative,2,practical,200,0.04079285241663456,-0.8765850812196732,0.7336910367012024
risk_taking,negative,3,methodical,200,0.05516050036996603,-0.9289526641368866,0.8732943832874298
risk_taking,negative,4,concise,120,0.0629686507085959,-0.4782501757144928,0.7899949550628662
ritualistic,positive,1,formal,100,0.2399496093392372,-0.5540039539337158,0.8741147518157959
ritualistic,positive,2,verbose,100,0.142316857278347,-0.3225366771221161,0.8370140790939331
ritualistic,positive,3,methodical,200,0.07251129090785981,-0.6503442525863647,0.8057514429092407
ritualistic,positive,4,data_driven,100,0.007242401242256165,-0.44890153408050537,0.6393173933029175
ritualistic,negative,1,entertaining,100,-0.40053253799676897,-1.8576591610908508,0.47505253553390503
ritualistic,negative,2,spontaneous,100,-0.39288367331027985,-1.0935626924037933,0.2734156847000122
ritualistic,negative,3,casual,100,-0.377009693980217,-2.243454694747925,0.8426415324211121
ritualistic,negative,4,pessimistic,200,-0.3710687026381493,-1.536117970943451,0.7534241676330566
romantic,positive,1,inspirational,100,0.48875380158424375,-0.13208448886871338,1.7852017283439636
romantic,positive,2,speculative,100,0.2795349383354187,-0.38776135444641113,2.233842194080353
romantic,positive,3,entertaining,100,0.27183164954185485,-0.4856274127960205,1.0863664746284485
romantic,positive,4,playful,100,0.2518259483575821,-0.6305149793624878,3.3785682916641235
romantic,negative,1,practical,200,-0.026041938066482542,-0.5811077952384949,0.9003100395202637
romantic,negative,2,problem_solving,100,0.013492636680603028,-0.8382459878921509,0.5925373435020447
romantic,negative,3,accessible,100,0.014360095858573913,-0.543556809425354,0.48609888553619385
romantic,negative,4,methodical,200,0.02501563549041748,-0.5043026208877563,0.6059561967849731
sarcastic,positive,1,data_driven,100,0.5226713848114014,-0.6974928379058838,1.6022107601165771
sarcastic,positive,2,entertaining,100,0.3010045266151428,-0.7446160316467285,1.9361670017242432
sarcastic,positive,3,playful,100,0.21612745761871338,-2.678223133087158,1.9265239238739014
sarcastic,positive,4,skeptical,200,0.17836747646331788,-0.4798307418823242,1.0183920860290527
sarcastic,negative,1,inclusive,100,-0.0278753662109375,-3.7846193313598633,0.6764345169067383
sarcastic,negative,2,accessible,100,-0.018601887226104737,-0.8051040172576904,0.7274882793426514
sarcastic,negative,3,problem_solving,100,-0.007586884498596192,-0.8685281276702881,1.2183961868286133
sarcastic,negative,4,adaptable,100,-0.004416098594665527,-0.8332276344299316,0.6145410537719727
sardonic,positive,1,data_driven,100,0.6831748771667481,-0.6171407699584961,1.917811393737793
sardonic,positive,2,entertaining,100,0.2593418622016907,-0.836942195892334,2.282832622528076
sardonic,positive,3,playful,100,0.1845741105079651,-3.359382390975952,2.2011234760284424
sardonic,positive,4,factual,100,0.17916199922561646,-0.6372356414794922,1.6769680976867676
sardonic,negative,1,inclusive,100,-0.08408200085163116,-4.270951092243195,0.7976279258728027
sardonic,negative,2,big_picture,100,-0.06862228155136109,-1.3206098079681396,0.658759593963623
sardonic,negative,3,optimistic,200,-0.05320189535617828,-4.533613502979279,1.3286809921264648
sardonic,negative,4,adaptable,100,-0.05013001918792725,-0.988154411315918,0.8058919906616211
sassy,positive,1,data_driven,100,0.5271914052963257,-0.5022344589233398,1.5341463088989258
sassy,positive,2,entertaining,100,0.2613275444507599,-0.7863812446594238,1.818116307258606
sassy,positive,3,playful,100,0.20188225984573363,-2.398878335952759,1.4765655994415283
sassy,positive,4,factual,100,0.14503623723983763,-0.5258586406707764,1.1453096866607666
sassy,negative,1,inclusive,100,-0.03724417388439179,-3.147927463054657,0.6781222820281982
sassy,negative,2,formal,100,-0.034679338932037354,-0.7954440116882324,0.5587096214294434
sassy,negative,3,accessible,100,-0.014949581623077392,-0.6930942535400391,0.6739888191223145
sassy,negative,4,big_picture,100,-0.01233872413635254,-0.862269401550293,0.5594203472137451
savage,positive,1,data_driven,100,0.2582204258441925,-0.46167945861816406,1.0826588869094849
savage,positive,2,entertaining,100,0.16713009715080263,-0.7962315082550049,1.3184473514556885
savage,positive,3,confident,100,0.10778143286705016,-0.549736499786377,0.8628005981445312
savage,positive,4,playful,100,0.09987702012062073,-1.603094458580017,1.3816308975219727
savage,negative,1,empathetic,200,-0.10716358661651611,-0.987297534942627,0.6665060520172119
savage,negative,2,inclusive,100,-0.10426641553640366,-2.6873799264431,0.6598312854766846
savage,negative,3,adaptable,100,-0.08766310334205628,-0.7145700454711914,0.5338191986083984
savage,negative,4,accessible,100,-0.08298951625823975,-0.9022610187530518,0.4248373508453369
secular,positive,1,practical,200,0.0772056195884943,-0.6249521970748901,0.8301532417535782
secular,positive,2,methodical,200,0.0715070067718625,-0.2845756858587265,0.5402849614620209
secular,positive,3,skeptical,200,0.06957764148712159,-0.5681660324335098,1.007904902100563
secular,positive,4,data_driven,100,0.057249558083713056,-0.5753523111343384,0.7861032783985138
secular,negative,1,inspirational,100,-0.21621648613363503,-1.0576575994491577,0.40222467482089996
secular,negative,2,traditional,95,-0.11607212534076289,-0.9422370791435242,0.47588756680488586
secular,negative,3,verbose,100,-0.10031498827040196,-1.2017772570252419,0.40201061964035034
secular,negative,4,playful,100,-0.08243713863193988,-1.4902580454945564,0.5725589394569397
serene,positive,1,inspirational,100,0.28236706256866456,-0.5099987983703613,1.1869416236877441
serene,positive,2,inclusive,100,0.20618789196014403,-0.45374584197998047,3.0769193172454834
serene,positive,3,optimistic,200,0.19425951480865478,-0.8431599140167236,3.50256085395813
serene,positive,4,big_picture,100,0.1931491780281067,-0.5133326053619385,1.3970425128936768
serene,negative,1,data_driven,100,-0.46224316835403445,-1.3078522682189941,0.5296351909637451
serene,negative,2,factual,100,-0.07538524150848389,-1.14198899269104,0.5875265598297119
serene,negative,3,entertaining,100,-0.036242003440856936,-1.891798496246338,1.2414209842681885
serene,negative,4,skeptical,200,-0.03120171546936035,-0.9030125141143799,0.6111428737640381
serious,positive,1,formal,100,0.15519059538841248,-0.5559561252593994,0.9389468431472778
serious,positive,2,verbose,100,-0.015328340530395508,-1.1445460319519043,0.7245388031005859
serious,positive,3,methodical,200,-0.03981916308403015,-0.937924861907959,0.8539291620254517
serious,positive,4,big_picture,100,-0.11094250917434692,-0.833242654800415,0.6406872272491455
serious,negative,1,entertaining,100,-0.6612882876396179,-2.024354934692383,0.20291423797607422
serious,negative,2,playful,100,-0.6094110321998596,-1.9470019340515137,1.8891900777816772
serious,negative,3,spontaneous,100,-0.512455370426178,-1.4466438293457031,0.2563633918762207
serious,negative,4,casual,100,-0.47952874898910525,-2.2453391551971436,0.46089911460876465
skeptical,positive,1,strategic,100,0.15762521862983703,-0.6451044678688049,1.024141550064087
skeptical,positive,2,pessimistic,200,0.144614639878273,-0.7717560529708862,1.2133139371871948
skeptical,positive,3,stoic,90,0.143112583955129,-0.6529459953308105,1.0557365417480469
skeptical,positive,4,educational,200,0.11187725245952607,-0.6673364639282227,0.9801093339920044
skeptical,negative,1,inspirational,100,-0.09050298988819122,-1.0915652513504028,0.8333101272583008
skeptical,negative,2,empathetic,200,-0.07031326174736023,-1.1135542392730713,0.6774520874023438
skeptical,negative,3,optimistic,200,-0.0685456621646881,-1.0121369361877441,2.0794448852539062
skeptical,negative,4,supportive,200,-0.05306954771280289,-0.785038948059082,0.963651567697525
socratic,positive,1,entertaining,100,0.4255744016170502,-0.5583479404449463,1.5432188510894775
socratic,positive,2,pessimistic,200,0.40155895709991457,-0.7041425704956055,1.6076133251190186
socratic,positive,3,data_driven,100,0.3610545289516449,-0.35841798782348633,1.2684531211853027
socratic,positive,4,spontaneous,100,0.35772478580474854,-0.4107975959777832,1.2010164260864258
socratic,negative,1,formal,100,0.07831894636154174,-0.9402860403060913,0.9139766693115234
socratic,negative,2,concise,120,0.09523638288180034,-0.5586814880371094,1.33816659450531
socratic,negative,3,problem_solving,100,0.1013861870765686,-1.025155782699585,0.8884820938110352
socratic,negative,4,optimistic,200,0.1028305522352457,-3.239376984536648,1.3147342205047607
solemn,positive,1,formal,100,0.17088936805725097,-0.526679277420044,1.0270519256591797
solemn,positive,2,verbose,100,0.035919768810272215,-1.1194307804107666,0.7903902530670166
solemn,positive,3,methodical,200,-0.07017226457595825,-1.17840576171875,0.9481654167175293
solemn,positive,4,big_picture,100,-0.08520886421203613,-0.8543062210083008,0.9034852981567383
solemn,negative,1,entertaining,100,-0.6383103501796722,-2.2810423374176025,0.7246031761169434
solemn,negative,2,playful,100,-0.5799182963371277,-1.9845983982086182,2.3139188289642334
solemn,negative,3,spontaneous,100,-0.5156175136566162,-1.4586939811706543,0.28374171257019043
solemn,negative,4,casual,100,-0.4897075605392456,-2.435429811477661,0.46451282501220703
spiritual,positive,1,inspirational,100,0.53874860689044,-0.08010631799697876,1.8394424319267273
spiritual,positive,2,speculative,100,0.2900013454630971,-0.354766845703125,1.6437186002731323
spiritual,positive,3,verbose,100,0.2834872568398714,-0.212293803691864,1.0660655498504639
spiritual,positive,4,narrative,100,0.2627783363685012,-0.41014713048934937,1.0527125597000122
spiritual,negative,1,data_driven,100,-0.27106326250359414,-0.8910791128873825,0.5824626684188843
spiritual,negative,2,practical,200,-0.056464618155732754,-0.6416266858577728,0.4895910620689392
spiritual,negative,3,factual,100,-0.016881532832048834,-0.7645493447780609,0.9483306407928467
spiritual,negative,4,methodical,200,-0.005907991100102663,-0.6930549144744873,0.5447240471839905
spontaneous,positive,1,entertaining,100,0.6428231328725815,-0.23502516746520996,1.7610560655593872
spontaneous,positive,2,inspirational,100,0.6186763972043992,-0.1563117504119873,2.0155322551727295
spontaneous,positive,3,playful,100,0.5695788836479188,-0.6445398926734924,3.5395431518554688
spontaneous,positive,4,speculative,100,0.5586846819519997,-0.12631869316101074,2.311754584312439
spontaneous,negative,1,methodical,200,0.12992111206054688,-0.774852991104126,1.0509109497070312
spontaneous,negative,2,concise,120,0.13017565806706746,-0.5681568384170532,0.9041578769683838
spontaneous,negative,3,practical,200,0.1456193196773529,-0.5407419204711914,1.426729679107666
spontaneous,negative,4,formal,100,0.14773186445236205,-0.5474333763122559,0.8710931539535522
stoic,positive,1,formal,100,0.11884089946746826,-0.4283320903778076,0.7272646427154541
stoic,positive,2,methodical,200,0.022447546720504762,-0.874824047088623,0.8392524719238281
stoic,positive,3,problem_solving,100,-0.027600399255752563,-0.7419342994689941,0.9426980018615723
stoic,positive,4,verbose,100,-0.031089348793029783,-1.0635080337524414,1.155036211013794
stoic,negative,1,entertaining,100,-0.44330401420593263,-1.6664633750915527,0.3470149040222168
stoic,negative,2,playful,100,-0.3676880657672882,-1.3914623260498047,1.9101959466934204
stoic,negative,3,pessimistic,200,-0.3361858236789703,-1.2113304138183594,1.0507855415344238
stoic,negative,4,spontaneous,100,-0.3300081980228424,-1.2126909494400024,0.2842075824737549
stream_of_consciousness,positive,1,inspirational,100,0.4283229561150074,-0.20972323417663574,1.5654317140579224
stream_of_consciousness,positive,2,entertaining,100,0.42040390372276304,-0.3772147297859192,1.79808908700943
stream_of_consciousness,positive,3,speculative,100,0.38210060268640517,-0.38192251324653625,2.0568209886550903
stream_of_consciousness,positive,4,playful,100,0.37790232136845586,-0.2461557388305664,2.7069671154022217
stream_of_consciousness,negative,1,formal,100,-0.00353888675570488,-0.679205983877182,0.6316361427307129
stream_of_consciousness,negative,2,methodical,200,0.024009150862693788,-0.45271968841552734,0.7650338709354401
stream_of_consciousness,negative,3,practical,200,0.050523392260074615,-0.9007269442081451,0.8377924561500549
stream_of_consciousness,negative,4,data_driven,100,0.06072340458631516,-1.1469633281230927,0.8355097770690918
submissive,positive,1,data_driven,100,0.322678439617157,-0.8611741065979004,1.2027440071105957
submissive,positive,2,entertaining,100,0.30244825661182406,-1.214728593826294,2.134937107563019
submissive,positive,3,spontaneous,100,0.2744785213470459,-0.7259621620178223,1.3279156684875488
submissive,positive,4,reactive,100,0.25026506900787354,-0.924415111541748,1.242227554321289
submissive,negative,1,formal,100,-0.020950937271118165,-1.102827548980713,0.7891931533813477
submissive,negative,2,big_picture,100,0.0028738307952880858,-1.353212833404541,0.8566441535949707
submissive,negative,3,verbose,100,0.022778940200805665,-1.3119242191314697,1.165480136871338
submissive,negative,4,stoic,90,0.02327416737874349,-0.9265661239624023,0.961024284362793
subversive,positive,1,pessimistic,200,0.821134303510189,-0.8566886782646179,2.187628746032715
subversive,positive,2,entertaining,100,0.7721146109700203,-0.7540023326873779,2.7248589992523193
subversive,positive,3,speculative,100,0.7711024722456932,-0.5489121675491333,2.159436523914337
subversive,positive,4,playful,100,0.6880361819267273,-0.19519376754760742,3.0025445222854614
subversive,negative,1,data_driven,100,-0.05194717884063721,-1.445155382156372,1.2840821743011475
subversive,negative,2,factual,100,0.18327852100133896,-1.102473795413971,1.5525232553482056
subversive,negative,3,practical,200,0.21263958483934403,-0.7316795885562897,1.516856610774994
subversive,negative,4,concise,120,0.21724680364131926,-1.1237062513828278,1.6165329813957214
supportive,positive,1,inspirational,100,0.24665420532226562,-0.48823070526123047,1.1925756931304932
supportive,positive,2,optimistic,200,0.2266389536857605,-0.5565094947814941,3.6258063316345215
supportive,positive,3,inclusive,100,0.1643819236755371,-0.7923009395599365,3.2640578746795654
supportive,positive,4,empathetic,200,0.1633168077468872,-0.48131656646728516,0.8910412788391113
supportive,negative,1,data_driven,100,-0.3684383261203766,-1.210554838180542,0.3629131317138672
supportive,negative,2,factual,100,-0.09630330204963684,-1.0440444946289062,0.56795334815979
supportive,negative,3,skeptical,200,-0.09423554420471192,-0.6275913715362549,0.5820555686950684
supportive,negative,4,methodical,200,-0.07906479597091674,-1.040292501449585,0.7637152671813965
sycophantic,positive,1,inspirational,100,0.5167728795856238,0.0213470458984375,1.3066765069961548
sycophantic,positive,2,entertaining,100,0.4091062495112419,-0.7349312603473663,1.2186439335346222
sycophantic,positive,3,playful,100,0.3892241494357586,-0.11202207207679749,1.994377225637436
sycophantic,positive,4,narrative,100,0.3625502827018499,-0.4534127712249756,1.3765259385108948
sycophantic,negative,1,data_driven,100,-0.08771941423416138,-0.7371225506067276,0.5503425300121307
sycophantic,negative,2,factual,100,0.027843683660030365,-0.6891622841358185,0.8623148500919342
sycophantic,negative,3,practical,200,0.04331794746220112,-0.545218750834465,0.9073571562767029
sycophantic,negative,4,methodical,200,0.07135547660291194,-0.3902703672647476,0.6956435292959213
temperamental,positive,1,data_driven,100,0.47181842565536497,-0.7691385746002197,1.6582975387573242
temperamental,positive,2,entertaining,100,0.2620964205265045,-0.6691241264343262,2.2766114473342896
temperamental,positive,3,playful,100,0.2160912883281708,-2.660835862159729,1.8624646663665771
temperamental,positive,4,pessimistic,200,0.14747312784194946,-1.2477188110351562,1.0268638134002686
temperamental,negative,1,formal,100,-0.08924005270004272,-0.8668513298034668,0.4943108558654785
temperamental,negative,2,inclusive,100,-0.04179471731185913,-3.5217604637145996,0.6438376903533936
temperamental,negative,3,big_picture,100,-0.03194141149520874,-0.9413027763366699,0.5685882568359375
temperamental,negative,4,adaptable,100,-0.022056009769439697,-0.996088981628418,0.7112429141998291
theatrical,positive,1,inspirational,100,0.454856273829937,-0.2653908133506775,1.3960596919059753
theatrical,positive,2,verbose,100,0.30422378540039063,-0.35966241359710693,1.2621513903141022
theatrical,positive,3,speculative,100,0.26682910352945327,-0.2962886691093445,1.9180512428283691
theatrical,positive,4,playful,100,0.19496506243944167,-0.463897705078125,2.9553595781326294
theatrical,negative,1,accessible,100,-0.033840991854667664,-0.45203131437301636,0.5007816553115845
theatrical,negative,2,casual,100,-0.031700446009635924,-0.7524721324443817,0.6477897763252258
theatrical,negative,3,humble,100,-0.026983295381069184,-0.5048379302024841,0.5835274457931519
theatrical,negative,4,practical,200,-0.018219042420387268,-0.5397642850875854,0.7694454789161682
theoretical,positive,1,verbose,100,0.3417642204836011,-0.2989114820957184,1.96022230386734
theoretical,positive,2,formal,100,0.325108252055943,-0.8236604630947113,1.2351088523864746
theoretical,positive,3,data_driven,100,0.2870100723952055,-0.8404644131660461,2.001795530319214
theoretical,positive,4,educational,200,0.23394267611205577,-0.9494086503982544,1.380955159664154
theoretical,negative,1,casual,100,-0.14213041692972184,-1.7880273461341858,1.881873607635498
theoretical,negative,2,empathetic,200,-0.1346169090270996,-1.3551878929138184,0.6126783490180969
theoretical,negative,3,accessible,100,-0.13246192175894975,-1.4034534096717834,0.7071601152420044
theoretical,negative,4,supportive,200,-0.11458535363897682,-1.3075870871543884,0.6933330222964287
traditional,positive,1,data_driven,100,0.07760088719427585,-0.7328901290893555,1.1060726791620255
traditional,positive,2,methodical,200,-0.011356609463691712,-1.1700516939163208,0.9387486726045609
traditional,positive,3,factual,100,-0.07239747673273086,-0.828938215970993,0.7808801382780075
traditional,positive,4,practical,200,-0.07469102833420038,-0.9577414393424988,0.7941637188196182
traditional,negative,1,inspirational,100,-0.4420975011959672,-1.9042657613754272,0.42550575733184814
traditional,negative,2,speculative,100,-0.37115289337933066,-2.0250242948532104,0.6812691688537598
traditional,negative,3,optimistic,200,-0.32681579753756523,-2.7613070905208588,0.4936486482620239
traditional,negative,4,big_picture,100,-0.2986384295672178,-1.3632909059524536,0.340920090675354
understated,positive,1,casual,100,0.2540821966528892,-0.9997289180755615,1.64319908618927
understated,positive,2,spontaneous,100,0.24599445909261702,-0.46085429191589355,1.1095364093780518
understated,positive,3,skeptical,200,0.21695348143577575,-0.36912548542022705,0.7625541687011719
understated,positive,4,humble,100,0.20400952637195588,-1.8817018568515778,1.1702637672424316
understated,negative,1,inspirational,100,-0.28794298648834227,-1.2050349712371826,0.5257765054702759
understated,negative,2,verbose,100,-0.15442988276481628,-1.2933436632156372,0.4961130619049072
understated,negative,3,formal,100,-0.12313048124313354,-0.9299898743629456,0.5275977849960327
understated,negative,4,big_picture,100,-0.08220356404781341,-1.0867952108383179,0.5354118943214417
universalist,positive,1,inspirational,100,0.03650064200162888,-1.2949522733688354,1.3895153105258942
universalist,positive,2,formal,100,0.027521529495716096,-0.9048566222190857,0.9209867268800735
universalist,positive,3,verbose,100,-0.003987526744604111,-0.8208416700363159,0.8165444135665894
universalist,positive,4,confident,100,-0.008217311799526214,-0.6226270794868469,0.7241254597902298
universalist,negative,1,grounded,100,-0.15933146372437476,-1.2788097858428955,0.3420640230178833
universalist,negative,2,pessimistic,200,-0.14247629687190055,-0.9118928611278534,0.6712557673454285
universalist,negative,3,curious,200,-0.1424018993973732,-1.060326337814331,0.6866491436958313
universalist,negative,4,inquisitive,200,-0.138841502815485,-1.1550167798995972,0.548117995262146
urgent,positive,1,formal,100,0.04697076881304383,-1.0580630898475647,0.4559197425842285
urgent,positive,2,data_driven,100,0.04372794207185507,-0.5136925056576729,0.7250774800777435
urgent,positive,3,confident,100,-0.001702991910278797,-0.9105032682418823,1.0194155126810074
urgent,positive,4,strategic,100,-0.008603055234998465,-0.7995707988739014,0.5505895763635635
urgent,negative,1,humble,100,-0.28007471876218915,-1.659708395600319,0.38000284880399704
urgent,negative,2,spontaneous,100,-0.27375189796090127,-1.5317296385765076,0.4887188822031021
urgent,negative,3,casual,100,-0.27200433880090713,-1.745254784822464,0.624014139175415
urgent,negative,4,intuitive,200,-0.24886546147987246,-1.5504253506660461,0.48500800132751465
utilitarian,positive,1,data_driven,100,0.2573463697731495,-0.49224066734313965,1.4938244223594666
utilitarian,positive,2,practical,200,0.12182470425963401,-1.3173016011714935,1.5572302341461182
utilitarian,positive,3,factual,100,0.09842371314764023,-1.4089354872703552,1.0032503604888916
utilitarian,positive,4,strategic,100,0.04416702732443809,-1.1382973194122314,1.7480419278144836
utilitarian,negative,1,entertaining,100,-0.3081512787938118,-1.702631652355194,0.8212325572967529
utilitarian,negative,2,inspirational,100,-0.2690875306725502,-1.6011285185813904,1.2677859663963318
utilitarian,negative,3,playful,100,-0.23840117655694484,-1.5336207747459412,1.2789967060089111
utilitarian,negative,4,narrative,100,-0.23613356053829193,-1.627372920513153,1.1575035452842712
verbose,positive,1,verbose,100,0.18081796646118165,-0.6114270687103271,1.0191044807434082
verbose,positive,2,analytical,200,0.10210194110870362,-0.47011828422546387,0.7803034782409668
verbose,positive,3,formal,100,0.10087007641792298,-0.5300559997558594,0.8833789825439453
verbose,positive,4,data_driven,100,0.08825433015823364,-0.702394962310791,1.419037103652954
verbose,negative,1,entertaining,100,-0.1566994571685791,-1.7560861110687256,0.5214974880218506
verbose,negative,2,playful,100,-0.1446362666040659,-1.0972731113433838,2.3372853621840477
verbose,negative,3,spontaneous,100,-0.12847377300262453,-0.7903726100921631,0.6197984218597412
verbose,negative,4,agreeable,100,-0.11290323972702027,-0.6871795654296875,0.5824074745178223
visceral,positive,1,entertaining,100,0.3037066662311554,-0.3724522590637207,1.758040428161621
visceral,positive,2,playful,100,0.2309505209326744,-1.896796703338623,2.1346372067928314
visceral,positive,3,pessimistic,200,0.1958925473690033,-1.3379077911376953,1.3898392915725708
visceral,positive,4,spontaneous,100,0.17253281831741332,-0.542788028717041,0.9664936065673828
visceral,negative,1,formal,100,-0.09831220149993897,-1.0082610845565796,0.5525085926055908
visceral,negative,2,problem_solving,100,-0.08038907051086426,-1.014031171798706,0.6207067966461182
visceral,negative,3,methodical,200,-0.03869787335395813,-0.6455669403076172,0.9408693313598633
visceral,negative,4,practical,200,-0.025112180709838866,-0.8338108062744141,1.0781190395355225
whimsical,positive,1,inspirational,100,0.5649262893944978,-0.10004881024360657,1.4816962480545044
whimsical,positive,2,speculative,100,0.4351522146165371,-0.22759857773780823,1.5366657972335815
whimsical,positive,3,playful,100,0.4051032392680645,-0.4058249592781067,2.7520384192466736
whimsical,positive,4,entertaining,100,0.39757537841796875,-0.8930306434631348,2.187817081809044
whimsical,negative,1,data_driven,100,-0.19894747495651244,-0.9436253905296326,0.9039114713668823
whimsical,negative,2,practical,200,0.04207166597247124,-0.6963566392660141,0.8290802240371704
whimsical,negative,3,concise,120,0.05407898550232251,-0.5875586271286011,0.606168270111084
whimsical,negative,4,factual,100,0.05792031690478325,-0.6639766991138458,0.8935930728912354
witty,positive,1,entertaining,100,0.48532384395599365,-0.13498878479003906,1.582019329071045
witty,positive,2,playful,100,0.4415484520792961,-1.3127398490905762,2.070632666349411
witty,positive,3,inspirational,100,0.42425875782966616,-0.22904419898986816,1.1025879383087158
witty,positive,4,data_driven,100,0.3944531464576721,-0.9489986896514893,1.1270986795425415
witty,negative,1,formal,100,0.07958351612091065,-0.45792579650878906,0.6615991592407227
witty,negative,2,methodical,200,0.09208539009094238,-0.5573592185974121,0.7472739219665527
witty,negative,3,concise,120,0.09653493364651998,-0.6307520866394043,0.7924679517745972
witty,negative,4,accessible,100,0.10741502285003662,-0.5097653865814209,0.8657481670379639
wry,positive,1,data_driven,100,0.7159053683280945,-0.6294155120849609,1.8900365829467773
wry,positive,2,entertaining,100,0.2654483675956726,-0.7632122039794922,2.258460760116577
wry,positive,3,factual,100,0.2152203154563904,-0.5291471481323242,1.8055505752563477
wry,positive,4,playful,100,0.18620893597602844,-3.2131961584091187,2.192140579223633
wry,negative,1,inclusive,100,-0.08481150269508361,-4.215784192085266,0.8033208847045898
wry,negative,2,optimistic,200,-0.06404143691062927,-4.366309762001038,1.3358232975006104
wry,negative,3,empathetic,200,-0.0610387134552002,-0.80902099609375,1.5321102142333984
wry,negative,4,big_picture,100,-0.042122931480407716,-1.2679266929626465,0.7227139472961426
zealous,positive,1,inspirational,100,0.6147804257273674,-0.38292884826660156,2.1006833016872406
zealous,positive,2,entertaining,100,0.40087609469890595,-0.3642282485961914,1.4855883717536926
zealous,positive,3,playful,100,0.3841740873456001,-1.0523897409439087,2.934746742248535
zealous,positive,4,speculative,100,0.3596811243891716,-0.37426555156707764,2.1010567247867584
zealous,negative,1,practical,200,0.01802549123764038,-0.7505742311477661,1.0582573413848877
zealous,negative,2,methodical,200,0.026548837423324586,-0.602062463760376,0.6243289709091187
zealous,negative,3,accessible,100,0.05161554932594299,-0.6088635921478271,0.6934832334518433
zealous,negative,4,factual,100,0.05234527945518494,-0.7255113124847412,0.8664113283157349
